,speaker,index,word,time,word.dur,voicing.dur,vowel.dur,cluster.dur,spreading.dur,sonorant.dur,closure.dur,vor,voffr,mor,cond_no,ipa,cons1,vowel,height,anteroposterior,roundness,consonant,manner,place,aspiration,syllables,syl_structure,gloss,pos,comp,contx
1,brs02,133,punda,424.3529303,519.4378586,215.4013711,94.76183048,206.037516,0,130.6395406,75.39797533,290.7993465,75.39797533,206.037516,40,pʰʏnta,asp,ʏ,high,front,round,n,nasal,coronal,no,di,cvncv,pound,n,c,cc
2,bte03,86,kinn,514.8581066,464.8374906,322.0820106,89.47399849,192.9677307,0,242.6080121,NA,NA,NA,NA,44,cʰɪnn,asp,i,high,front,unrounded,nn,geminate,coronal,no,mono,cvcc,cheek,n,x,cx
3,tt01,161,kapli,489.7811194,489.2814746,96.71237708,93.09116943,175.3236286,86.45996498,100.0811726,75.24245596,258.414798,161.7024209,175.3236286,58,kʰaʰplɪ,asp,a,low,front,unrounded,ʰp,stop,labial,yes,di,cvccv,cable,n,x,cx
4,shg05,17,kamba,46.21035147,417.0272481,178.4750567,78.63945578,170.9580499,0,109.8356009,61.12244898,239.5975057,61.12244898,170.9580499,36,kʰampa,asp,a,low,front,unrounded,m,nasal,labial,no,di,cvncv,comb,n,c,cc
5,brs02,16,kapli,75.24349206,520.6080337,66.31235828,64.57110334,178.1738977,80.5659486,92.30720354,85.86669415,232.745001,166.4326428,178.1738977,58,kʰaʰplɪ,asp,a,low,front,unrounded,ʰp,stop,labial,yes,di,cvccv,cable,n,x,cx
6,jj04,65,gedda,220.4982736,446.1291515,104.0522705,114.0522705,161.9641507,NA,NA,161.9641507,266.0164212,161.9641507,NA,28,cetta,nasp,e,mid,front,unrounded,tt,stop,coronal,no,di,cvccv,pike,n,c,cc
7,brs02,12,dult,62.69686613,348.5610327,98.36080067,72.65057769,182.8902494,61.46001302,97.170236,85.72001344,245.5408271,147.1800265,182.8902494,46,tʏl̥t,nasp,ʏ,high,front,round,l̥,lateral,coronal,yes,mono,cvlc,reticent,adj,c,cc
8,jj04,60,hefna,210.2776233,450.0183752,65.3929745,75.3929745,116.8086884,NA,NA,116.8086884,182.2016629,116.8086884,NA,53,hepna,fri,e,mid,front,unrounded,p,stop,labial,no,di,cvccv,avenge,v,x,cx
9,tt01,139,kubb,420.6926226,396.382769,92.15996131,102.1599613,167.7606178,NA,NA,167.7606178,259.9205791,167.7606178,NA,6,cʰʏpp,asp,ʏ,high,front,round,pp,stop,labial,no,mono,cvcc,block of wood,n,c,cc
10,shg05,158,tipla,418.4517139,601.7271353,69.9047979,57.73020244,161.070503,52.18199978,74.35659525,86.71390779,208.8007055,138.8959076,161.070503,60,tʰɪʰpla,asp,ɪ,high,front,unrounded,ʰp,stop,labial,yes,di,cvccv,tiptoe,v,x,cx
11,shg05,38,gedda,105.837424,374.9430587,85.1388079,95.1388079,134.1933916,NA,NA,134.1933916,219.3321995,134.1933916,NA,28,cetta,nasp,e,mid,front,unrounded,tt,stop,coronal,no,di,cvccv,pike,n,c,cc
12,jj04,62,hefna,214.0733965,448.886533,59.23483214,69.23483214,113.3345931,NA,NA,113.3345931,172.5694252,113.3345931,NA,53,hepna,fri,e,mid,front,unrounded,p,stop,labial,no,di,cvccv,avenge,v,x,cx
13,bte03,4,gogg,64.25130385,557.2902494,100.4725094,110.4725094,237.5026807,NA,NA,237.5026807,337.9751901,237.5026807,NA,2,kokk,nasp,o,mid,back,round,kk,stop,velar,no,mono,cvcc,beak,n,c,cc
14,shg05,100,detta,272.5059501,389.5897621,88.61912581,76.78130189,186.1688897,73.19979844,95.03762236,91.13126732,252.9501916,164.3310658,186.1688897,27,teʰta,nasp,e,mid,front,unrounded,ʰt,stop,coronal,yes,di,cvccv,fall,v,c,cc
15,jj04,135,kagga,461.474675,487.9253924,70.72845805,80.72845805,148.0697279,NA,NA,148.0697279,218.7981859,148.0697279,NA,26,kʰakka,asp,a,low,front,unrounded,kk,stop,velar,no,di,cvccv,barrel,n,c,cc
16,shg05,34,kamp,94.07574981,340.9595907,100.5723159,78.56221655,133.6073656,66.42638836,98.43648769,35.17087787,202.1695821,101.5972662,133.6073656,29,kʰam̥p,asp,a,low,front,unrounded,m̥,nasal,labial,yes,mono,cvnc,moustache,n,c,cc
17,bte03,59,gelda,373.9616395,541.5586272,190.7809651,109.8375132,203.9471754,14.81756339,105.7610153,98.18616013,303.7846886,113.0037235,203.9471754,48,celta,nasp,e,mid,front,unrounded,l,lateral,coronal,no,di,cvlcv,castrate,v,c,cc
18,tt01,67,punta,210.3130365,561.2465098,94.98860736,69.49563061,253.1738075,134.7632193,170.256196,82.91761149,312.6694381,217.6808308,253.1738075,39,pʰʏn̥ta,asp,ʏ,high,front,round,n̥,nasal,coronal,yes,di,cvncv,decoration,n,c,cc
19,jj04,96,gelta,305.4184061,465.5910941,109.5462928,94.69943135,211.9127404,84.10669531,108.9535567,102.9591837,296.6121718,187.065879,211.9127404,47,cel̥ta,nasp,e,mid,front,unrounded,l̥,lateral,coronal,yes,di,cvlcv,bark,v,c,cc
20,bte03,10,kembdi,103.1605159,551.65694,223.9265965,109.0427085,220.6285431,0,124.8838881,95.744655,319.6712515,95.744655,220.6285431,34,cʰemtɪ,asp,e,mid,front,unrounded,m,nasal,labial,no,di,cvccv,comb,v,c,cc
21,tt01,66,punta,207.4313697,573.3204572,91.94748772,76.91258586,264.2074233,142.8732017,167.9081036,96.29931973,331.1200092,239.1725215,264.2074233,39,pʰʏn̥ta,asp,ʏ,high,front,round,n̥,nasal,coronal,yes,di,cvncv,decoration,n,c,cc
22,shg05,65,kafli,180.8093175,360.399093,58.70417081,68.70417081,109.3726379,NA,NA,109.3726379,168.0768088,109.3726379,NA,57,kʰaplɪ,asp,a,low,front,unrounded,p,stop,labial,no,di,cvccv,part,n,x,cx
23,brs02,112,gelda,362.4212549,506.7478629,214.1377747,118.3534662,176.1668862,0,105.7843084,70.38257775,284.5203524,70.38257775,176.1668862,48,celta,nasp,e,mid,front,unrounded,l,lateral,coronal,no,di,cvlcv,castrate,v,c,cc
24,tt01,167,gelda,510.1433367,491.205487,190.831848,125.7659623,193.976905,22.69215597,97.75804167,96.21886333,309.7428673,118.9110193,193.976905,48,celta,nasp,e,mid,front,unrounded,l,lateral,coronal,no,di,cvlcv,castrate,v,c,cc
25,shg05,19,kamba,51.80290816,421.8575208,171.240043,87.59491831,157.2088229,0,93.64512472,63.56369821,234.8037412,63.56369821,157.2088229,36,kʰampa,asp,a,low,front,unrounded,m,nasal,labial,no,di,cvncv,comb,n,c,cc
26,tt01,51,dögg,161.4604231,513.8134543,92.24170091,102.2417009,186.2809568,NA,NA,186.2809568,278.5226577,186.2809568,NA,4,tœkk,nasp,œ,mid,front,round,kk,stop,velar,no,mono,cvcc,dew,n,c,cc
27,bte03,95,dögg,557.071542,438.4438776,102.7154195,112.7154195,203.9669656,NA,NA,203.9669656,306.6823851,203.9669656,NA,4,tœkk,nasp,œ,mid,front,round,kk,stop,velar,no,mono,cvcc,dew,n,c,cc
28,shg05,149,kamb,396.6687674,365.7636864,183.6833284,81.13743703,167.2224922,0,112.5458914,54.6766008,238.3599292,54.6766008,167.2224922,30,kʰamp,asp,a,low,front,unrounded,m,nasal,labial,no,mono,cvnc,comb,n,c,cc
29,jj04,84,dult,266.1658746,451.3142817,107.7498649,100.1265398,226.1789494,120.4970993,138.1204244,88.058525,316.3054892,208.5556243,226.1789494,46,tʏl̥t,nasp,ʏ,high,front,round,l̥,lateral,coronal,yes,mono,cvlc,reticent,adj,c,cc
30,shg05,71,takka,196.397657,402.9158458,70.34975441,66.79177202,163.8903433,81.85318572,95.41116811,68.47917515,220.6821153,150.3323609,163.8903433,25,tʰaʰka,asp,a,low,front,unrounded,ʰk,stop,velar,yes,di,cvccv,key,n,c,cc
31,bte03,161,dult,842.8197732,530.6292517,107.9746158,109.7186229,287.6585502,152.3025321,160.558525,127.1000252,387.3771731,279.4025573,287.6585502,46,tʏl̥t,nasp,ʏ,high,front,round,l̥,lateral,coronal,yes,mono,cvlc,reticent,adj,c,cc
32,bte03,6,gogg,73.80825775,456.4811379,108.3912083,118.3912083,209.6697012,NA,NA,209.6697012,318.0609095,209.6697012,NA,2,kokk,nasp,o,mid,back,round,kk,stop,velar,no,mono,cvcc,beak,n,c,cc
33,jj04,11,detta,66.35135533,487.2841209,170.6189798,94.67266971,185.3721779,10.39375261,96.34006268,89.03211517,270.0448476,99.42586778,185.3721779,27,teʰta,nasp,e,mid,front,unrounded,ʰt,stop,coronal,yes,di,cvccv,fall,v,c,cc
34,bte03,41,hefna,287.3037946,614.9374741,58.25487285,68.25487285,194.0264755,NA,NA,194.0264755,252.2813483,194.0264755,NA,53,hepna,fri,e,mid,front,unrounded,p,stop,labial,no,di,cvccv,avenge,v,x,cx
35,brs02,94,hefna,312.6991822,504.5469122,64.99319728,74.99319728,168.9191232,NA,NA,168.9191232,233.9123205,168.9191232,NA,53,hepna,fri,e,mid,front,unrounded,p,stop,labial,no,di,cvccv,avenge,v,x,cx
36,tt01,179,detta,548.7834471,520.9287029,111.5741528,87.23732961,234.6745931,107.6638164,142.0006396,92.67395348,311.9119227,200.3377699,234.6745931,27,teʰta,nasp,e,mid,front,unrounded,ʰt,stop,coronal,yes,di,cvccv,fall,v,c,cc
37,bte03,31,kopp,224.0069444,592.4092971,165.0072673,106.6552879,277.9879742,89.15980427,157.5117837,120.4761905,374.6432621,209.6359947,277.9879742,5,kʰoʰp,asp,o,mid,back,round,ʰp,stop,labial,yes,mono,cvcc,chamber pot,n,c,cc
38,tt01,81,dökk,249.5928741,409.3694885,102.6218001,85.3407323,226.511813,121.6850602,148.9661281,77.54568494,301.8525453,199.2307452,226.511813,3,tœʰk,nasp,œ,mid,front,round,ʰk,stop,velar,yes,mono,cvcc,dark,adj,c,cc
39,shg05,14,punta,37.66608146,409.7306166,94.1452057,67.62919364,174.9768964,64.03911565,100.5551277,74.42176871,232.6060901,138.4608844,174.9768964,39,pʰʏn̥ta,asp,ʏ,high,front,round,n̥,nasal,coronal,yes,di,cvncv,decoration,n,c,cc
40,bte03,80,punta,488.1710272,533.5928086,150.0155896,88.80682649,220.2631848,99.79365079,171.0024139,49.26077098,299.0700113,149.0544218,220.2631848,39,pʰʏn̥ta,asp,ʏ,high,front,round,n̥,nasal,coronal,yes,di,cvncv,decoration,n,c,cc
41,brs02,58,punta,205.95276,519.3532787,148.9341886,74.67586121,200.2452618,52.12062603,136.3789534,63.86630843,264.921123,115.9869345,200.2452618,39,pʰʏn̥ta,asp,ʏ,high,front,round,n̥,nasal,coronal,yes,di,cvncv,decoration,n,c,cc
42,tt01,176,kembdi,539.3183524,525.309108,192.4915596,101.7702936,236.7280687,0,100.721266,136.0068027,328.4983623,136.0068027,236.7280687,34,cʰemtɪ,asp,e,mid,front,unrounded,m,nasal,labial,no,di,cvccv,comb,v,c,cc
43,brs02,132,punda,421.7285759,563.5384691,193.9009662,80.65765733,214.5634311,0,123.2433089,91.32012225,285.2210884,91.32012225,214.5634311,40,pʰʏnta,asp,ʏ,high,front,round,n,nasal,coronal,no,di,cvncv,pound,n,c,cc
44,brs02,125,tipla,396.2969064,589.493437,160.6104252,97.6629704,218.4373504,11.03841537,83.98587021,134.4514802,306.1003208,145.4898956,218.4373504,60,tʰɪʰpla,asp,ɪ,high,front,unrounded,ʰp,stop,labial,yes,di,cvccv,tiptoe,v,x,cx
45,shg05,140,kemba,375.4565526,374.0670181,174.4302721,73.08214366,152.5112048,0,111.3481285,41.16307634,215.5933485,41.16307634,152.5112048,38,cʰempa,asp,e,mid,front,unrounded,m,nasal,labial,no,di,cvncv,comb,v,c,cc
46,tt01,181,detta,554.9788719,461.8030723,126.9633809,83.01075394,214.5363653,73.39099449,127.3436215,87.19274376,287.5471192,160.5837383,214.5363653,27,teʰta,nasp,e,mid,front,unrounded,ʰt,stop,coronal,yes,di,cvccv,fall,v,c,cc
47,jj04,3,kemba,42.55503401,433.5421563,180.3110156,101.0184986,139.2834467,0,89.29251701,49.99092971,230.3019453,49.99092971,139.2834467,38,cʰempa,asp,e,mid,front,unrounded,m,nasal,labial,no,di,cvncv,comb,v,c,cc
48,jj04,145,dökk,484.3236122,483.9642857,121.4960274,93.7454291,237.1030214,113.2904428,151.041041,86.06198035,320.8484505,199.3524231,237.1030214,3,tœʰk,nasp,œ,mid,front,round,ʰk,stop,velar,yes,mono,cvcc,dark,adj,c,cc
49,shg05,47,kembt,131.9241119,376.4247921,85.14536767,73.41156463,184.3304989,119.7100745,141.4438776,42.88662132,247.7420635,162.5966958,184.3304989,33,cʰem̥t,asp,e,mid,front,unrounded,m̥,nasal,labial,yes,mono,cvcc,comb,v,c,cc
50,bte03,94,dögg,553.0663832,477.7525825,103.0723562,113.0723562,234.3673469,NA,NA,234.3673469,337.4397032,234.3673469,NA,4,tœkk,nasp,œ,mid,front,round,kk,stop,velar,no,mono,cvcc,dew,n,c,cc
51,shg05,80,dökk,220.17936,405.3935909,82.79909576,75.26766842,221.4631295,131.9432232,149.4746506,71.98847889,286.7307979,203.9317021,221.4631295,3,tœʰk,nasp,œ,mid,front,round,ʰk,stop,velar,yes,mono,cvcc,dark,adj,c,cc
52,shg05,20,dult,54.76169347,416.9611077,95.30059887,94.99541086,209.250243,127.7644049,138.0695929,71.18065004,294.2456538,198.9450549,209.250243,46,tʏl̥t,nasp,ʏ,high,front,round,l̥,lateral,coronal,yes,mono,cvlc,reticent,adj,c,cc
53,shg05,130,kinn,351.33761,300.0629252,182.8846777,78.53894231,154.336212,51.19652305,114.3457354,NA,NA,NA,NA,44,cʰɪnn,asp,i,high,front,unrounded,nn,geminate,coronal,no,mono,cvcc,cheek,n,x,cx
54,brs02,80,dökk,269.2495795,448.137841,167.6910119,97.71097434,238.2636264,53.17390546,133.1539431,105.1096834,325.9746008,158.2835888,238.2636264,3,tœʰk,nasp,œ,mid,front,round,ʰk,stop,velar,yes,mono,cvcc,dark,adj,c,cc
55,jj04,56,punt,200.9075916,479.7446403,130.2688172,101.4619098,192.2416925,86.70068027,125.5075877,66.7341049,283.7036024,153.4347852,192.2416925,31,pʰʏn̥t,asp,ʏ,high,front,round,n̥,nasal,coronal,yes,mono,cvnc,decoration,n,c,cc
56,jj04,66,punta,222.5870207,541.3170339,107.445556,78.86082873,216.7269048,85.06475606,123.6494833,93.07742144,285.5877335,178.1421775,216.7269048,39,pʰʏn̥ta,asp,ʏ,high,front,round,n̥,nasal,coronal,yes,di,cvncv,decoration,n,c,cc
57,jj04,82,kamba,261.8368991,491.0922586,196.0286539,100.0489287,165.6193297,0,105.9797252,59.63960448,255.6682584,59.63960448,165.6193297,36,kʰampa,asp,a,low,front,unrounded,m,nasal,labial,no,di,cvncv,comb,n,c,cc
58,shg05,60,pund,167.6422789,357.7444902,173.6950504,73.78520367,162.6596578,0,109.9098468,52.74981104,226.4448615,52.74981104,162.6596578,32,pʰʏnt,asp,ʏ,high,front,round,n,nasal,coronal,no,mono,cvnc,pound,n,c,cc
59,bte03,37,kamp,267.8033617,513.8637836,179.0548812,102.208752,268.7337584,117.9737969,204.8199262,63.9138322,360.9425103,181.8876291,268.7337584,29,kʰam̥p,asp,a,low,front,unrounded,m̥,nasal,labial,yes,mono,cvnc,moustache,n,c,cc
60,shg05,142,kemba,380.4786035,407.6799763,171.7664399,82.56778671,174.3925307,0,99.1986532,75.19387755,246.9603175,75.19387755,174.3925307,38,cʰempa,asp,e,mid,front,unrounded,m,nasal,labial,no,di,cvncv,comb,v,c,cc
61,brs02,72,kempa,247.4505288,479.8388094,151.4910197,87.43889854,169.0119268,24.49559083,98.54771198,70.46421485,246.4508254,94.95980568,169.0119268,37,cʰem̥pa,asp,e,mid,front,unrounded,m̥,nasal,labial,yes,di,cvncv,hero,n,c,cc
62,shg05,37,kubb,102.9946242,299.7774788,50.82070529,60.82070529,119.2155759,NA,NA,119.2155759,170.0362812,119.2155759,NA,6,cʰʏpp,asp,ʏ,high,front,round,pp,stop,labial,no,mono,cvcc,block of wood,n,c,cc
63,shg05,151,kamb,401.4907007,331.2834467,191.0448741,90.21882939,150.0345692,0,110.8260447,39.2085245,230.2533986,39.2085245,150.0345692,30,kʰamp,asp,a,low,front,unrounded,m,nasal,labial,no,mono,cvnc,comb,n,c,cc
64,jj04,30,kembdi,121.9612933,502.6141345,200.513085,93.36508022,197.6676571,0,117.1480048,80.51965231,281.0327373,80.51965231,197.6676571,34,cʰemtɪ,asp,e,mid,front,unrounded,m,nasal,labial,no,di,cvccv,comb,v,c,cc
65,shg05,24,kempa,66.54183447,448.3462718,86.19865724,64.51156463,173.4755858,79.29605175,110.9831444,62.49244142,227.9871504,141.7884932,173.4755858,37,cʰem̥pa,asp,e,mid,front,unrounded,m̥,nasal,labial,yes,di,cvncv,hero,n,c,cc
66,jj04,76,kubb,246.8033878,392.0861678,102.1102971,112.1102971,156.7821953,NA,NA,156.7821953,258.8924924,156.7821953,NA,6,cʰʏpp,asp,ʏ,high,front,round,pp,stop,labial,no,mono,cvcc,block of wood,n,c,cc
67,bte03,11,kembdi,108.7005782,553.3892779,226.8853724,105.5443798,223.0392914,0,131.3409926,91.69829888,318.5836712,91.69829888,223.0392914,34,cʰemtɪ,asp,e,mid,front,unrounded,m,nasal,labial,no,di,cvccv,comb,v,c,cc
68,jj04,53,tefla,193.979352,475.9532719,71.25,81.25,146.2055933,NA,NA,146.2055933,217.4555933,146.2055933,NA,59,tʰepla,asp,e,mid,front,unrounded,p,stop,labial,no,di,cvccv,play chess,v,x,cx
69,shg05,44,gelta,123.5084027,431.7586522,81.13569862,82.50566893,193.9779721,125.0393005,133.6693302,60.30864198,266.4836411,185.3479425,193.9779721,47,cel̥ta,nasp,e,mid,front,unrounded,l̥,lateral,coronal,yes,di,cvlcv,bark,v,c,cc
70,bte03,159,dult,836.1941534,544.6643807,112.1167568,96.65921892,296.9029332,150.7934679,176.2510058,120.6519274,383.5621521,271.4453954,296.9029332,46,tʏl̥t,nasp,ʏ,high,front,round,l̥,lateral,coronal,yes,mono,cvlc,reticent,adj,c,cc
71,bte03,151,pund,803.9807959,533.8801425,257.1854875,105.9761149,260.8701814,0,161.2093726,99.66080877,356.8462963,99.66080877,260.8701814,32,pʰʏnt,asp,ʏ,high,front,round,n,nasal,coronal,no,mono,cvnc,pound,n,c,cc
72,bte03,32,kopp,228.4698904,559.8715042,217.0455174,96.23196234,254.8090199,0,130.8135551,123.9954649,341.0409822,123.9954649,254.8090199,5,kʰoʰp,asp,o,mid,back,round,ʰp,stop,labial,yes,mono,cvcc,chamber pot,n,c,cc
73,jj04,19,kapli,92.28181585,569.9984981,115.4194095,82.34156431,204.2216228,65.54005463,108.6178998,95.60372297,276.5631871,161.1437776,204.2216228,58,kʰaʰplɪ,asp,a,low,front,unrounded,ʰp,stop,labial,yes,di,cvccv,cable,n,x,cx
74,bte03,40,hefna,283.0717513,532.9681841,80.42517007,90.42517007,182.5094482,NA,NA,182.5094482,262.9346183,182.5094482,NA,53,hepna,fri,e,mid,front,unrounded,p,stop,labial,no,di,cvccv,avenge,v,x,cx
75,brs02,82,kopp,275.886448,443.9930893,153.640139,90.37135049,197.5828646,39.46490414,112.7336926,84.84917199,277.9542151,124.3140761,197.5828646,5,kʰoʰp,asp,o,mid,back,round,ʰp,stop,labial,yes,mono,cvcc,chamber pot,n,c,cc
76,brs02,139,kokk,443.0713769,449.9382716,169.7790004,117.4618379,194.6833449,50.07512769,112.3922902,82.29105464,302.1451828,132.3661823,194.6833449,1,kʰoʰk,asp,o,mid,back,round,ʰk,stop,velar,yes,mono,cvcc,cook,n,c,cc
77,shg05,45,gelta,126.2821593,447.1467072,90.45254292,91.36113757,194.3466694,112.9219307,122.013336,72.33333333,275.7078069,185.255264,194.3466694,47,cel̥ta,nasp,e,mid,front,unrounded,l̥,lateral,coronal,yes,di,cvlcv,bark,v,c,cc
78,brs02,165,tefla,509.5702475,483.7822833,89.95533799,99.95533799,143.5788376,NA,NA,143.5788376,233.5341756,143.5788376,NA,59,tʰepla,asp,e,mid,front,unrounded,p,stop,labial,no,di,cvccv,play chess,v,x,cx
79,tt01,104,tipla,317.2653207,515.5125897,95.75639353,80.22794765,187.6923196,60.47540342,86.0038493,101.6884703,257.9202672,162.1638737,187.6923196,60,tʰɪʰpla,asp,ɪ,high,front,unrounded,ʰp,stop,labial,yes,di,cvccv,tiptoe,v,x,cx
80,brs02,2,kamba,30.12783598,482.646467,164.776456,72.91801726,173.9724774,0,101.8584388,72.1140386,236.8904946,72.1140386,173.9724774,36,kʰampa,asp,a,low,front,unrounded,m,nasal,labial,no,di,cvncv,comb,n,c,cc
81,jj04,5,kokk,49.32262305,379.7148193,100.1090955,75.98440332,131.1798698,35.45344602,69.5781382,61.6017316,197.1642731,97.05517763,131.1798698,1,kʰoʰk,asp,o,mid,back,round,ʰk,stop,velar,yes,mono,cvcc,cook,n,c,cc
82,jj04,20,kapli,95.23220755,510.5022009,113.967847,86.92352621,181.2909464,49.93877551,86.98309627,94.30785012,258.2144726,144.2466256,181.2909464,58,kʰaʰplɪ,asp,a,low,front,unrounded,ʰp,stop,labial,yes,di,cvccv,cable,n,x,cx
83,tt01,65,punta,204.7886841,496.6032841,90.46340769,68.42987073,258.9129864,138.2740073,170.3075442,88.60544218,317.3428571,226.8794495,258.9129864,39,pʰʏn̥ta,asp,ʏ,high,front,round,n̥,nasal,coronal,yes,di,cvncv,decoration,n,c,cc
84,brs02,10,dult,57.08775913,420.229213,123.1976991,73.89432501,207.6294689,94.61839692,153.921771,53.70769782,271.5237939,148.3260947,207.6294689,46,tʏl̥t,nasp,ʏ,high,front,round,l̥,lateral,coronal,yes,mono,cvlc,reticent,adj,c,cc
85,brs02,73,kempa,250.0178118,472.8517758,142.2739763,84.2292769,179.7315776,44.36547953,112.4101789,67.32139873,253.9608545,111.6868783,179.7315776,37,cʰem̥pa,asp,e,mid,front,unrounded,m̥,nasal,labial,yes,di,cvncv,hero,n,c,cc
86,tt01,123,duld,373.61824,454.7681529,231.6460909,111.1912049,244.4761304,14.97029072,145.4251767,99.05095371,345.6673353,114.0212444,244.4761304,45,tʏlt,nasp,ʏ,high,front,round,l,lateral,coronal,no,mono,cvlc,complex,adj,c,cc
87,jj04,148,kembt,492.2639631,549.178569,140.558615,93.26773567,282.9679448,0,57.29087931,225.6770654,366.2356804,225.6770654,282.9679448,33,cʰem̥t,asp,e,mid,front,unrounded,m̥,nasal,labial,yes,mono,cvcc,comb,v,c,cc
88,tt01,124,duld,376.1399977,480.5283447,220.0948807,107.717623,236.5376619,30.91815175,153.2954095,83.24225246,334.2552849,114.1604042,236.5376619,45,tʏlt,nasp,ʏ,high,front,round,l,lateral,coronal,no,mono,cvlc,complex,adj,c,cc
89,jj04,74,kubb,242.849966,407.3611111,77.08296994,87.08296994,146.6328042,NA,NA,146.6328042,223.7157742,146.6328042,NA,6,cʰʏpp,asp,ʏ,high,front,round,pp,stop,labial,no,mono,cvcc,block of wood,n,c,cc
90,bte03,160,dult,839.4090249,568.2690854,131.4214023,98.08508528,304.207304,129.7002711,173.0365881,131.1707159,392.2923893,260.870987,304.207304,46,tʏl̥t,nasp,ʏ,high,front,round,l̥,lateral,coronal,yes,mono,cvlc,reticent,adj,c,cc
91,shg05,129,kinn,348.7363811,298.2589623,165.386779,75.38549058,154.336212,51.19652305,100.0012884,NA,NA,NA,NA,44,cʰɪnn,asp,i,high,front,unrounded,nn,geminate,coronal,no,mono,cvcc,cheek,n,x,cx
92,jj04,29,kembdi,119.5483303,521.049091,192.5475651,83.30882194,220.1371342,0,119.2387431,100.8983911,293.4459562,100.8983911,220.1371342,34,cʰemtɪ,asp,e,mid,front,unrounded,m,nasal,labial,no,di,cvccv,comb,v,c,cc
93,brs02,18,kapli,81.36259304,479.7972316,77.21477023,76.51050238,172.7619745,86.80532573,97.50959358,75.25238095,239.2724769,162.0577067,172.7619745,58,kʰaʰplɪ,asp,a,low,front,unrounded,ʰp,stop,labial,yes,di,cvccv,cable,n,x,cx
94,bte03,20,gelta,160.0911338,603.1175445,116.9885948,112.1273558,246.4693068,143.53633,158.397569,88.07173779,348.5966626,231.6080678,246.4693068,47,cel̥ta,nasp,e,mid,front,unrounded,l̥,lateral,coronal,yes,di,cvlcv,bark,v,c,cc
95,brs02,111,gelda,359.7821512,548.8567386,246.4346315,121.1633563,190.0527211,0,135.2712752,54.78144591,301.2160774,54.78144591,190.0527211,48,celta,nasp,e,mid,front,unrounded,l,lateral,coronal,no,di,cvlcv,castrate,v,c,cc
96,tt01,153,kafli,465.4663413,466.2822622,85.01244777,95.01244777,147.1390779,NA,NA,147.1390779,232.1515256,147.1390779,NA,57,kʰaplɪ,asp,a,low,front,unrounded,p,stop,labial,no,di,cvccv,part,n,x,cx
97,shg05,117,kembdi,319.1364739,474.6769237,240.1967774,80.77664399,236.2317334,0,169.4201334,66.8116,307.0083774,66.8116,236.2317334,34,cʰemtɪ,asp,e,mid,front,unrounded,m,nasal,labial,no,di,cvccv,comb,v,c,cc
98,brs02,123,tipla,391.2879053,563.497216,149.8073822,73.23926608,210.4113836,1.778155707,88.34627184,122.0651118,273.6506497,123.8432675,210.4113836,60,tʰɪʰpla,asp,ɪ,high,front,unrounded,ʰp,stop,labial,yes,di,cvccv,tiptoe,v,x,cx
99,tt01,60,takka,190.5969886,520.7906121,131.47005,115.8064407,191.9181822,77.34967765,103.0132869,88.90489529,297.7246229,166.2545729,191.9181822,25,tʰaʰka,asp,a,low,front,unrounded,ʰk,stop,velar,yes,di,cvccv,key,n,c,cc
100,shg05,18,kamba,48.86600421,455.8205557,181.8931878,95.26733114,161.0121001,0,96.62585669,64.38624339,246.2794312,64.38624339,161.0121001,36,kʰampa,asp,a,low,front,unrounded,m,nasal,labial,no,di,cvncv,comb,n,c,cc
101,jj04,94,gelta,301.2546452,465.1328673,117.4791558,98.23096823,206.107598,81.2183055,110.466493,95.64110493,294.3385662,176.8594104,206.107598,47,cel̥ta,nasp,e,mid,front,unrounded,l̥,lateral,coronal,yes,di,cvlcv,bark,v,c,cc
102,tt01,125,pund,379.4039371,490.0140794,233.5616564,108.7000389,228.3264701,0,134.8616175,93.46485261,327.026509,93.46485261,228.3264701,32,pʰʏnt,asp,ʏ,high,front,round,n,nasal,coronal,no,mono,cvnc,pound,n,c,cc
103,bte03,137,kagga,746.6459221,532.4435806,106.2276877,116.2276877,161.3535255,NA,NA,161.3535255,267.5812132,161.3535255,NA,26,kʰakka,asp,a,low,front,unrounded,kk,stop,velar,no,di,cvccv,barrel,n,c,cc
104,tt01,168,gelda,513.1787994,488.4098639,196.8974206,126.436378,193.6184917,21.85448935,102.3155319,91.30295978,310.0548697,113.1574491,193.6184917,48,celta,nasp,e,mid,front,unrounded,l,lateral,coronal,no,di,cvlcv,castrate,v,c,cc
105,brs02,1,kamba,24.37225867,532.7594212,222.6566808,84.46193739,190.2453859,0,148.1947434,42.05064248,264.7073233,42.05064248,190.2453859,36,kʰampa,asp,a,low,front,unrounded,m,nasal,labial,no,di,cvncv,comb,n,c,cc
106,jj04,42,dögg,153.5047648,374.0758587,114.6705719,124.6705719,127.4829932,NA,NA,127.4829932,242.1535651,127.4829932,NA,4,tœkk,nasp,œ,mid,front,round,kk,stop,velar,no,mono,cvcc,dew,n,c,cc
107,bte03,44,detta,302.2653175,546.4321569,184.0233038,108.4688774,202.9129988,12.89272774,98.44715415,104.4658447,301.3818762,117.3585724,202.9129988,27,teʰta,nasp,e,mid,front,unrounded,ʰt,stop,coronal,yes,di,cvccv,fall,v,c,cc
108,shg05,15,punta,40.4563902,435.233505,87.24470579,70.66931614,182.2216482,115.4157218,141.9911115,40.23053666,242.8909643,155.6462585,182.2216482,39,pʰʏn̥ta,asp,ʏ,high,front,round,n̥,nasal,coronal,yes,di,cvncv,decoration,n,c,cc
109,tt01,94,kamba,286.5050235,471.2862583,184.5768992,89.69641181,205.5495023,0,104.8804874,100.6690149,285.2459141,100.6690149,205.5495023,36,kʰampa,asp,a,low,front,unrounded,m,nasal,labial,no,di,cvncv,comb,n,c,cc
110,shg05,104,kopp,282.2834717,345.8779633,73.90402303,75.14352201,147.5279128,57.64172336,66.40222438,81.12568837,212.6714348,138.7674117,147.5279128,5,kʰoʰp,asp,o,mid,back,round,ʰp,stop,labial,yes,mono,cvcc,chamber pot,n,c,cc
111,brs02,131,kinn,419.0186347,456.5627992,316.8131141,108.542735,202.8266723,56.57514578,218.2703791,NA,NA,NA,NA,44,cʰɪnn,asp,i,high,front,unrounded,nn,geminate,coronal,no,mono,cvcc,cheek,n,x,cx
112,bte03,148,gedda,791.6802305,544.2773417,102.8494247,112.8494247,191.3580247,NA,NA,191.3580247,294.2074494,191.3580247,NA,28,cetta,nasp,e,mid,front,unrounded,tt,stop,coronal,no,di,cvccv,pike,n,c,cc
113,shg05,97,gelda,265.1809811,381.466967,142.5496493,82.59446874,167.9792274,17.36645046,87.32163103,80.65759637,240.5736961,98.02404683,167.9792274,48,celta,nasp,e,mid,front,unrounded,l,lateral,coronal,no,di,cvlcv,castrate,v,c,cc
114,brs02,61,dögg,214.7627033,386.9750162,94.13931835,104.1393184,132.1148904,NA,NA,132.1148904,226.2542088,132.1148904,NA,4,tœkk,nasp,œ,mid,front,round,kk,stop,velar,no,mono,cvcc,dew,n,c,cc
115,brs02,69,gedda,239.5818277,462.5733182,92.22284518,102.2228452,172.5002851,NA,NA,172.5002851,264.7231302,172.5002851,NA,28,cetta,nasp,e,mid,front,unrounded,tt,stop,coronal,no,di,cvccv,pike,n,c,cc
116,bte03,147,gedda,788.3587188,529.9227373,99.29855746,109.2985575,202.9854713,NA,NA,202.9854713,302.2840287,202.9854713,NA,28,cetta,nasp,e,mid,front,unrounded,tt,stop,coronal,no,di,cvccv,pike,n,c,cc
117,brs02,46,punt,171.588414,439.6855883,140.1457339,86.56724494,192.6849929,67.93388232,131.5123713,61.17262165,269.2522379,129.106504,192.6849929,31,pʰʏn̥t,asp,ʏ,high,front,round,n̥,nasal,coronal,yes,mono,cvnc,decoration,n,c,cc
118,jj04,44,punda,166.873514,522.5959047,175.3731189,82.06813028,186.9444444,0,103.3049887,83.63945578,259.0125747,83.63945578,186.9444444,40,pʰʏnta,asp,ʏ,high,front,round,n,nasal,coronal,no,di,cvncv,pound,n,c,cc
119,brs02,109,kemba,355.175068,517.9264126,245.6180423,92.97047073,200.4014969,0,162.6475715,37.75392532,283.3719676,37.75392532,200.4014969,38,cʰempa,asp,e,mid,front,unrounded,m,nasal,labial,no,di,cvncv,comb,v,c,cc
120,bte03,46,kemba,312.3371088,577.5564771,161.8236961,84.42185822,260.1115885,120.0113379,207.4131758,52.6984127,334.5334467,172.7097506,260.1115885,38,cʰempa,asp,e,mid,front,unrounded,m,nasal,labial,no,di,cvncv,comb,v,c,cc
121,tt01,130,kemba,394.3418758,493.3791101,185.5674902,118.3619729,181.2355327,0,77.20551723,104.0300155,289.5975057,104.0300155,181.2355327,38,cʰempa,asp,e,mid,front,unrounded,m,nasal,labial,no,di,cvncv,comb,v,c,cc
122,jj04,114,kopp,400.8262642,456.079932,103.0007559,87.63823478,219.9090063,85.62358277,110.9861038,108.9229025,297.5472411,194.5464853,219.9090063,5,kʰoʰp,asp,o,mid,back,round,ʰp,stop,labial,yes,mono,cvcc,chamber pot,n,c,cc
123,jj04,25,takka,108.2703308,505.5923097,121.3075433,86.30753033,171.9485565,53.424734,98.42474701,73.52380952,248.2560869,126.9485435,171.9485565,25,tʰaʰka,asp,a,low,front,unrounded,ʰk,stop,velar,yes,di,cvccv,key,n,c,cc
124,tt01,175,kempa,535.7391943,500.0312501,139.3914701,114.7279243,205.3222143,76.43594238,111.0994882,94.22272613,310.0501386,170.6586685,205.3222143,37,cʰem̥pa,asp,e,mid,front,unrounded,m̥,nasal,labial,yes,di,cvncv,hero,n,c,cc
125,shg05,111,kampa,304.8830537,403.836666,108.4558903,64.42932729,180.9705215,60.44244682,114.4690098,66.50151172,235.3998488,126.9439585,180.9705215,35,kʰam̥pa,asp,a,low,front,unrounded,m̥,nasal,labial,yes,di,cvncv,moustache,n,c,cc
126,shg05,122,hefna,331.077546,340.9050066,49.53753979,59.53753979,62.23230033,NA,NA,62.23230033,111.7698401,62.23230033,NA,53,hepna,fri,e,mid,front,unrounded,p,stop,labial,no,di,cvccv,avenge,v,x,cx
127,jj04,12,detta,68.61568556,493.1940493,162.9038801,105.0350383,183.0570503,32.10147392,99.97031566,83.08673469,278.0920887,115.1882086,183.0570503,27,teʰta,nasp,e,mid,front,unrounded,ʰt,stop,coronal,yes,di,cvccv,fall,v,c,cc
128,shg05,135,kagga,363.6469534,372.9143721,70.05120328,80.05120328,113.7086459,NA,NA,113.7086459,183.7598491,113.7086459,NA,26,kʰakka,asp,a,low,front,unrounded,kk,stop,velar,no,di,cvccv,barrel,n,c,cc
129,jj04,102,kinn,363.2817082,386.3076342,242.5759637,101.2648022,188.4934807,NA,151.3111615,NA,NA,NA,NA,44,cʰɪnn,asp,i,high,front,unrounded,nn,geminate,coronal,no,mono,cvcc,cheek,n,x,cx
130,shg05,106,kopp,286.7890729,343.1065578,90.87348828,78.30313905,161.5373187,61.1404006,83.71074984,77.82656883,229.8404577,138.9669694,161.5373187,5,kʰoʰp,asp,o,mid,back,round,ʰp,stop,labial,yes,mono,cvcc,chamber pot,n,c,cc
131,jj04,100,kinn,358.712158,412.8832927,247.1941015,91.64137062,188.4934807,NA,165.5527309,NA,NA,NA,NA,44,cʰɪnn,asp,i,high,front,unrounded,nn,geminate,coronal,no,mono,cvcc,cheek,n,x,cx
132,tt01,73,kamb,227.1524396,542.3963653,242.2777371,115.5975171,301.320606,0,136.68022,164.6403861,406.9181231,164.6403861,301.320606,30,kʰamp,asp,a,low,front,unrounded,m,nasal,labial,no,mono,cvnc,comb,n,c,cc
133,bte03,165,tipla,863.7828345,607.428906,159.8384018,115.1464735,192.9114412,33.81618382,88.50811212,104.4033291,298.0579147,138.2195129,192.9114412,60,tʰɪʰpla,asp,ɪ,high,front,unrounded,ʰp,stop,labial,yes,di,cvccv,tiptoe,v,x,cx
134,bte03,85,kinn,510.2452872,454.9622071,298.361997,84.60832273,192.9677307,0,223.7536743,NA,NA,NA,NA,44,cʰɪnn,asp,i,high,front,unrounded,nn,geminate,coronal,no,mono,cvcc,cheek,n,x,cx
135,brs02,57,punta,203.0424792,516.8532759,99.62922543,67.01940035,211.9082647,93.33649419,135.9463193,75.96194546,268.9276651,169.2984397,211.9082647,39,pʰʏn̥ta,asp,ʏ,high,front,round,n̥,nasal,coronal,yes,di,cvncv,decoration,n,c,cc
136,brs02,96,hefna,318.0312191,492.4442106,67.13733852,77.13733852,137.2607237,NA,NA,137.2607237,204.3980623,137.2607237,NA,53,hepna,fri,e,mid,front,unrounded,p,stop,labial,no,di,cvccv,avenge,v,x,cx
137,tt01,99,kamp,300.9576799,439.7842369,118.4798676,95.10822502,237.5787477,117.3476946,150.7193372,86.85941043,322.6869727,204.2071051,237.5787477,29,kʰam̥p,asp,a,low,front,unrounded,m̥,nasal,labial,yes,mono,cvnc,moustache,n,c,cc
138,jj04,55,punt,198.6222455,481.702381,116.8119946,84.57989999,208.4355284,87.82626066,130.0583553,78.37717309,283.0154284,166.2034338,208.4355284,31,pʰʏn̥t,asp,ʏ,high,front,round,n̥,nasal,coronal,yes,mono,cvnc,decoration,n,c,cc
139,shg05,96,gelda,262.7487642,407.9200165,145.1261665,88.83493004,174.7332165,26.49932584,92.79056226,81.94265425,253.5681466,108.4419801,174.7332165,48,celta,nasp,e,mid,front,unrounded,l,lateral,coronal,no,di,cvlcv,castrate,v,c,cc
140,brs02,79,dökk,266.6853215,428.76395,173.2641813,94.38187779,220.8248134,41.43221574,130.3145193,90.51029406,305.2066911,131.9425098,220.8248134,3,tœʰk,nasp,œ,mid,front,round,ʰk,stop,velar,yes,mono,cvcc,dark,adj,c,cc
141,jj04,109,kamp,387.3030175,476.6300885,137.4864575,95.45721142,248.2679083,76.13662132,128.1658674,120.1020408,333.7251197,196.2386621,248.2679083,29,kʰam̥p,asp,a,low,front,unrounded,m̥,nasal,labial,yes,mono,cvnc,moustache,n,c,cc
142,brs02,127,gelta,408.934036,526.150528,148.5754909,91.52922844,213.3250405,41.0620218,108.1082843,105.2167562,294.8542689,146.278778,213.3250405,47,cel̥ta,nasp,e,mid,front,unrounded,l̥,lateral,coronal,yes,di,cvlcv,bark,v,c,cc
143,jj04,142,kafli,476.5568141,468.0791761,88.67454918,98.67454918,135.2875499,NA,NA,135.2875499,223.9620991,135.2875499,NA,57,kʰaplɪ,asp,a,low,front,unrounded,p,stop,labial,no,di,cvccv,part,n,x,cx
144,tt01,157,kampa,477.5552061,501.1602234,114.7762661,80.16754036,239.4205171,108.292517,152.9012427,86.51927438,309.5880574,194.8117914,239.4205171,35,kʰam̥pa,asp,a,low,front,unrounded,m̥,nasal,labial,yes,di,cvncv,moustache,n,c,cc
145,bte03,96,kapli,563.267449,567.8302559,126.6952578,100.3040069,205.6308579,72.14210128,108.5333522,97.09750567,295.9348648,169.239607,205.6308579,58,kʰaʰplɪ,asp,a,low,front,unrounded,ʰp,stop,labial,yes,di,cvccv,cable,n,x,cx
146,tt01,126,pund,382.3583612,537.5714867,231.3956792,112.2965099,230.8957853,0,129.0991692,101.7966161,333.1922952,101.7966161,230.8957853,32,pʰʏnt,asp,ʏ,high,front,round,n,nasal,coronal,no,mono,cvnc,pound,n,c,cc
147,brs02,102,gogg,336.1184694,368.7236799,109.4826405,119.4826405,122.0797622,NA,NA,122.0797622,231.5624027,122.0797622,NA,2,kokk,nasp,o,mid,back,round,kk,stop,velar,no,mono,cvcc,beak,n,c,cc
148,tt01,173,kempa,529.2960431,470.9276024,138.3396867,104.4835028,195.4097081,81.86153628,125.7177202,69.69198791,289.8932108,151.5535242,195.4097081,37,cʰem̥pa,asp,e,mid,front,unrounded,m̥,nasal,labial,yes,di,cvncv,hero,n,c,cc
149,jj04,54,pund,196.460312,455.1868284,112.7845805,76.86696901,211.239607,83.86103013,129.7786416,81.46096534,278.106576,165.3219955,211.239607,32,pʰʏnt,asp,ʏ,high,front,round,n,nasal,coronal,no,mono,cvnc,pound,n,c,cc
150,brs02,43,kamp,160.8644948,449.9113271,111.9355361,82.54184213,192.0950244,85.86869668,125.2623907,66.83263376,264.6368666,152.7013304,192.0950244,29,kʰam̥p,asp,a,low,front,unrounded,m̥,nasal,labial,yes,mono,cvnc,moustache,n,c,cc
151,jj04,136,kagga,463.6720748,491.7687075,90.69813784,100.6981378,157.324263,NA,NA,157.324263,248.0224009,157.324263,NA,26,kʰakka,asp,a,low,front,unrounded,kk,stop,velar,no,di,cvccv,barrel,n,c,cc
152,shg05,123,hefna,333.3982384,349.7000098,37.98296864,47.98296864,41.4550923,NA,NA,41.4550923,79.43806094,41.4550923,NA,53,hepna,fri,e,mid,front,unrounded,p,stop,labial,no,di,cvccv,avenge,v,x,cx
153,tt01,18,kopp,60.08237501,548.3392722,82.26672095,79.79633442,229.2972216,98.55774969,111.0281362,118.2690854,299.093556,216.8268351,229.2972216,5,kʰoʰp,asp,o,mid,back,round,ʰp,stop,labial,yes,mono,cvcc,chamber pot,n,c,cc
154,bte03,112,kubb,629.8449546,489.2991136,88.1984127,98.1984127,219.6439909,NA,NA,219.6439909,307.8424036,219.6439909,NA,6,cʰʏpp,asp,ʏ,high,front,round,pp,stop,labial,no,mono,cvcc,block of wood,n,c,cc
155,tt01,117,punda,354.8827907,479.1945518,194.2868712,98.25854656,191.2880158,0,106.0283247,85.25969118,279.5465624,85.25969118,191.2880158,40,pʰʏnta,asp,ʏ,high,front,round,n,nasal,coronal,no,di,cvncv,pound,n,c,cc
156,shg05,159,tipla,420.966746,411.443463,65.94373583,58.28962916,133.4065632,49.75094482,67.40505149,66.00151172,181.6961924,115.7524565,133.4065632,60,tʰɪʰpla,asp,ɪ,high,front,unrounded,ʰp,stop,labial,yes,di,cvccv,tiptoe,v,x,cx
157,brs02,126,gelta,406.3382625,507.593573,141.4529059,118.4744708,190.7547093,48.55777973,81.53621488,109.2184944,299.22918,157.7762741,190.7547093,47,cel̥ta,nasp,e,mid,front,unrounded,l̥,lateral,coronal,yes,di,cvlcv,bark,v,c,cc
158,shg05,109,punda,300.5570707,405.5937463,177.7738473,80.83107021,158.4663707,0,106.9427771,51.52359356,229.2974409,51.52359356,158.4663707,40,pʰʏnta,asp,ʏ,high,front,round,n,nasal,coronal,no,di,cvncv,pound,n,c,cc
159,shg05,36,kubb,99.91142857,274.9395314,67.7532124,77.7532124,82.91572184,NA,NA,82.91572184,150.6689342,82.91572184,NA,6,cʰʏpp,asp,ʏ,high,front,round,pp,stop,labial,no,mono,cvcc,block of wood,n,c,cc
160,tt01,54,kembt,172.815907,633.9909297,114.7490442,98.20760434,261.3488295,133.6713352,160.212775,101.1360544,349.5564338,234.8073896,261.3488295,33,cʰem̥t,asp,e,mid,front,unrounded,m̥,nasal,labial,yes,mono,cvcc,comb,v,c,cc
161,shg05,118,kembdi,321.4403803,391.82697,158.9613855,65.23627098,167.5935953,0,103.7251145,63.86848073,222.8298662,63.86848073,167.5935953,34,cʰemtɪ,asp,e,mid,front,unrounded,m,nasal,labial,no,di,cvccv,comb,v,c,cc
162,shg05,95,gelda,260.0267999,382.6423982,156.202056,87.41986458,184.5621423,19.07171202,97.85390347,86.70823885,261.9820069,105.7799509,184.5621423,48,celta,nasp,e,mid,front,unrounded,l,lateral,coronal,no,di,cvlcv,castrate,v,c,cc
163,jj04,2,kemba,38.29001134,407.5056689,146.4024403,84.80596693,140.0250448,0,71.59647342,68.42857143,214.8310118,68.42857143,140.0250448,38,cʰempa,asp,e,mid,front,unrounded,m,nasal,labial,no,di,cvncv,comb,v,c,cc
164,jj04,113,kopp,398.632619,449.6334089,88.67361663,85.60115151,204.2660335,77.76953206,90.84199718,113.4240363,279.867185,191.1935683,204.2660335,5,kʰoʰp,asp,o,mid,back,round,ʰp,stop,labial,yes,mono,cvcc,chamber pot,n,c,cc
165,jj04,28,kembdi,117.1415306,480.4409707,194.9648251,85.06397469,199.8822239,0,119.9008504,79.9813735,274.9461986,79.9813735,199.8822239,34,cʰemtɪ,asp,e,mid,front,unrounded,m,nasal,labial,no,di,cvccv,comb,v,c,cc
166,shg05,49,kembt,137.6655174,354.5765755,111.3938909,69.28739397,178.7171412,78.88728825,130.9937852,47.72335601,238.0045351,126.6106443,178.7171412,33,cʰem̥t,asp,e,mid,front,unrounded,m̥,nasal,labial,yes,mono,cvcc,comb,v,c,cc
167,brs02,110,kemba,357.4605137,526.6297165,226.686073,104.9539116,197.0904588,0,131.7321614,65.3582974,292.0443704,65.3582974,197.0904588,38,cʰempa,asp,e,mid,front,unrounded,m,nasal,labial,no,di,cvncv,comb,v,c,cc
168,tt01,100,kamp,303.997809,454.2564604,119.8323903,85.63706468,234.9625214,123.6016629,167.7969886,67.16553288,310.5995861,190.7671958,234.9625214,29,kʰam̥p,asp,a,low,front,unrounded,m̥,nasal,labial,yes,mono,cvnc,moustache,n,c,cc
169,brs02,45,kamp,166.2198974,454.8885916,119.7341804,109.1295772,187.7004373,101.7094017,122.314005,65.38643235,286.8300145,167.0958341,187.7004373,29,kʰam̥p,asp,a,low,front,unrounded,m̥,nasal,labial,yes,mono,cvnc,moustache,n,c,cc
170,tt01,17,kopp,57.23124943,508.30839,82.40988214,82.30685027,218.0279287,103.1025235,113.2055553,104.8223734,290.334779,207.9248969,218.0279287,5,kʰoʰp,asp,o,mid,back,round,ʰp,stop,labial,yes,mono,cvcc,chamber pot,n,c,cc
171,brs02,84,kagga,280.9668619,512.983053,83.90001669,93.90001669,142.7943485,NA,NA,142.7943485,226.6943652,142.7943485,NA,26,kʰakka,asp,a,low,front,unrounded,kk,stop,velar,no,di,cvccv,barrel,n,c,cc
172,shg05,35,kubb,97.1080583,310.872063,43.71027967,53.71027967,119.3188209,NA,NA,119.3188209,163.0291005,119.3188209,NA,6,cʰʏpp,asp,ʏ,high,front,round,pp,stop,labial,no,mono,cvcc,block of wood,n,c,cc
173,brs02,86,kagga,286.0958309,507.3907061,89.93556772,99.93556772,135.2798518,NA,NA,135.2798518,225.2154195,135.2798518,NA,26,kʰakka,asp,a,low,front,unrounded,kk,stop,velar,no,di,cvccv,barrel,n,c,cc
174,bte03,57,gelda,365.0497279,578.0269183,215.1007069,109.0903028,236.3396953,10.49886621,126.5092704,109.8304249,335.4299981,120.3292911,236.3396953,48,celta,nasp,e,mid,front,unrounded,l,lateral,coronal,no,di,cvlcv,castrate,v,c,cc
175,tt01,133,tefla,402.3049929,435.9949437,93.24956762,103.2495676,119.6517513,NA,NA,119.6517513,212.9013189,119.6517513,NA,59,tʰepla,asp,e,mid,front,unrounded,p,stop,labial,no,di,cvccv,play chess,v,x,cx
176,shg05,40,gedda,111.5575195,433.2107658,97.90551776,107.9055178,169.707375,NA,NA,169.707375,267.6128928,169.707375,NA,28,cetta,nasp,e,mid,front,unrounded,tt,stop,coronal,no,di,cvccv,pike,n,c,cc
177,jj04,4,kokk,45.93431439,445.6591525,108.0051428,87.86753085,176.189789,67.75560595,97.89321789,78.29657115,254.0573199,146.0521771,176.189789,1,kʰoʰk,asp,o,mid,back,round,ʰk,stop,velar,yes,mono,cvcc,cook,n,c,cc
178,jj04,128,gelda,441.3297328,471.9292698,169.4443941,101.9727022,203.3661741,13.32240579,90.79409761,112.5720764,295.3388763,125.8944822,203.3661741,48,celta,nasp,e,mid,front,unrounded,l,lateral,coronal,no,di,cvlcv,castrate,v,c,cc
179,jj04,63,gedda,216.5020875,526.6237339,97.20238095,107.202381,190.3429705,NA,NA,190.3429705,287.5453515,190.3429705,NA,28,cetta,nasp,e,mid,front,unrounded,tt,stop,coronal,no,di,cvccv,pike,n,c,cc
180,bte03,97,kapli,566.909743,570.2253279,164.2931061,124.9274205,180.04329,34.06195812,83.42764378,96.61564626,294.9707105,130.6776044,180.04329,58,kʰaʰplɪ,asp,a,low,front,unrounded,ʰp,stop,labial,yes,di,cvccv,cable,n,x,cx
181,brs02,92,takka,306.8915415,504.018322,103.3080412,78.19153999,207.7358977,90.95163802,126.0681392,81.66775846,275.9274376,172.6193965,207.7358977,25,tʰaʰka,asp,a,low,front,unrounded,ʰk,stop,velar,yes,di,cvccv,key,n,c,cc
182,tt01,37,kokk,119.1992912,560.1532441,85.93325546,89.04964829,191.9165901,95.16903731,102.0526445,89.86394558,270.9662383,185.0329829,191.9165901,1,kʰoʰk,asp,o,mid,back,round,ʰk,stop,velar,yes,mono,cvcc,cook,n,c,cc
183,jj04,144,dökk,481.8471833,474.1596725,141.7930541,118.6418877,222.7458674,108.5017305,141.6528969,81.09297052,331.3877551,189.594701,222.7458674,3,tœʰk,nasp,œ,mid,front,round,ʰk,stop,velar,yes,mono,cvcc,dark,adj,c,cc
184,brs02,130,kinn,416.5657107,427.7505046,281.5439287,102.5268774,202.8266723,56.57514578,189.0170513,NA,NA,NA,NA,44,cʰɪnn,asp,i,high,front,unrounded,nn,geminate,coronal,no,mono,cvcc,cheek,n,x,cx
185,jj04,141,kafli,474.3956349,460.2543147,69.21334014,79.21334014,131.8443914,NA,NA,131.8443914,201.0577316,131.8443914,NA,57,kʰaplɪ,asp,a,low,front,unrounded,p,stop,labial,no,di,cvccv,part,n,x,cx
186,brs02,113,gelda,364.8525405,499.6644766,202.92726,116.3111224,176.6125752,0,96.61613762,79.99643762,282.9236976,79.99643762,176.6125752,48,celta,nasp,e,mid,front,unrounded,l,lateral,coronal,no,di,cvlcv,castrate,v,c,cc
187,brs02,23,kampa,95.2166712,534.0173847,87.73583735,72.67366535,190.3800562,87.62996187,112.6921339,77.68792235,253.0537216,165.3178842,190.3800562,35,kʰam̥pa,asp,a,low,front,unrounded,m̥,nasal,labial,yes,di,cvncv,moustache,n,c,cc
188,brs02,164,tefla,507.2884439,507.4251968,80.30580618,90.30580618,127.6393039,NA,NA,127.6393039,207.9451101,127.6393039,NA,59,tʰepla,asp,e,mid,front,unrounded,p,stop,labial,no,di,cvccv,play chess,v,x,cx
189,bte03,152,pund,807.9563983,509.3074452,260.5291005,115.5070344,238.2873723,0,155.0220662,83.26530612,343.7944067,83.26530612,238.2873723,32,pʰʏnt,asp,ʏ,high,front,round,n,nasal,coronal,no,mono,cvnc,pound,n,c,cc
190,bte03,15,kokk,132.6714399,529.7191697,93.55597779,103.0090657,245.0240096,119.2049887,119.7519008,125.2721088,338.0330753,244.4770975,245.0240096,1,kʰoʰk,asp,o,mid,back,round,ʰk,stop,velar,yes,mono,cvcc,cook,n,c,cc
191,jj04,21,kapli,97.64083567,534.5394626,126.8960766,87.79138322,183.2992117,32.02795479,81.13264815,102.1665636,261.090595,134.1945184,183.2992117,58,kʰaʰplɪ,asp,a,low,front,unrounded,ʰp,stop,labial,yes,di,cvccv,cable,n,x,cx
192,shg05,150,kamb,398.9668556,352.5359033,198.8649049,91.30916878,160.0549967,0,117.5557362,42.49926057,241.3641655,42.49926057,160.0549967,30,kʰamp,asp,a,low,front,unrounded,m,nasal,labial,no,mono,cvnc,comb,n,c,cc
193,brs02,161,duld,499.4957701,470.9266106,198.4293707,97.58667502,224.3435708,0,110.8426957,113.5008751,311.9302458,113.5008751,224.3435708,45,tʏlt,nasp,ʏ,high,front,round,l,lateral,coronal,no,mono,cvlc,complex,adj,c,cc
194,bte03,43,detta,297.6695947,586.9397203,155.2162094,105.9558993,219.9936349,52.13355153,111.3938616,108.5997732,315.9495342,160.7333248,219.9936349,27,teʰta,nasp,e,mid,front,unrounded,ʰt,stop,coronal,yes,di,cvccv,fall,v,c,cc
195,brs02,134,punda,427.0268132,533.1524567,232.1265898,78.88260271,205.265367,0,163.2439871,42.02137998,274.1479697,42.02137998,205.265367,40,pʰʏnta,asp,ʏ,high,front,round,n,nasal,coronal,no,di,cvncv,pound,n,c,cc
196,jj04,27,takka,113.9618387,522.7809765,125.7752583,99.20181406,180.6764928,63.95889573,100.5323399,80.1441529,269.8783069,144.1030486,180.6764928,25,tʰaʰka,asp,a,low,front,unrounded,ʰk,stop,velar,yes,di,cvccv,key,n,c,cc
197,tt01,103,kagga,313.8258648,466.550902,84.3825722,94.3825722,162.3375276,NA,NA,162.3375276,246.7200998,162.3375276,NA,26,kʰakka,asp,a,low,front,unrounded,kk,stop,velar,no,di,cvccv,barrel,n,c,cc
198,jj04,6,kokk,51.80258678,376.0024669,131.2761549,92.21590984,142.2238803,28.82010582,77.88035089,64.34352937,224.4397901,93.16363519,142.2238803,1,kʰoʰk,asp,o,mid,back,round,ʰk,stop,velar,yes,mono,cvcc,cook,n,c,cc
199,bte03,39,hefna,278.7287664,560.1014301,80.64306973,90.64306973,191.4665384,NA,NA,191.4665384,272.1096081,191.4665384,NA,53,hepna,fri,e,mid,front,unrounded,p,stop,labial,no,di,cvccv,avenge,v,x,cx
200,jj04,68,punta,226.9362783,518.8674279,111.8727729,85.1875389,185.0554154,52.71636432,89.40159834,95.65381708,260.2429543,148.3701814,185.0554154,39,pʰʏn̥ta,asp,ʏ,high,front,round,n̥,nasal,coronal,yes,di,cvncv,decoration,n,c,cc
