"","X","Word","V.Mean.Sum","V.SD.Sum","V.Rat.Sum","A.Mean.Sum","A.SD.Sum","A.Rat.Sum","D.Mean.Sum","D.SD.Sum","D.Rat.Sum","V.Mean.M","V.SD.M","V.Rat.M","V.Mean.F","V.SD.F","V.Rat.F","A.Mean.M","A.SD.M","A.Rat.M","A.Mean.F","A.SD.F","A.Rat.F","D.Mean.M","D.SD.M","D.Rat.M","D.Mean.F","D.SD.F","D.Rat.F","V.Mean.Y","V.SD.Y","V.Rat.Y","V.Mean.O","V.SD.O","V.Rat.O","A.Mean.Y","A.SD.Y","A.Rat.Y","A.Mean.O","A.SD.O","A.Rat.O","D.Mean.Y","D.SD.Y","D.Rat.Y","D.Mean.O","D.SD.O","D.Rat.O","V.Mean.L","V.SD.L","V.Rat.L","V.Mean.H","V.SD.H","V.Rat.H","A.Mean.L","A.SD.L","A.Rat.L","A.Mean.H","A.SD.H","A.Rat.H","D.Mean.L","D.SD.L","D.Rat.L","D.Mean.H","D.SD.H","D.Rat.H"
"1",4681,"fixer",6.39,1.79,18,2.67,1.59,21,6.7,2.03,23,6.7,1.89,10,5.71,1.6,7,3.14,1.86,7,2.43,1.45,14,7.14,2.34,7,6.5,1.93,16,5.57,1.62,7,6.91,1.76,11,2.22,1.39,9,3,1.71,12,6.36,2.54,11,7,1.48,12,5.92,1.88,12,7.33,1.21,6,2.55,1.69,11,2.8,1.55,10,6.31,2.36,13,7.2,1.48,10
"2",13572,"washer",5.16,2.06,19,2.9,1.8,20,6,1.67,26,5.27,1.62,11,5,2.67,8,3.57,1.81,7,2.54,1.76,13,6,1.15,13,6,2.12,13,5.7,2.41,10,4.56,1.51,9,2.91,2.07,11,2.89,1.54,9,5.94,1.52,17,6.11,2.03,9,5.44,2.4,9,4.9,1.79,10,2.83,1.95,12,3,1.69,8,5.94,1.39,16,6.1,2.13,10
"3",9362,"prediction",5.62,1.75,21,5.6,2.11,20,5.5,2.18,36,5.38,2.33,8,5.77,1.36,13,5.6,2.07,5,5.6,2.2,15,5.45,2.07,11,5.52,2.28,25,5.54,2.15,13,5.75,0.89,8,6,1.86,12,5,2.45,8,5.6,2.21,20,5.38,2.22,16,5.18,2.04,11,6.1,1.29,10,5.91,2.39,11,5.22,1.79,9,4.82,2.4,22,6.57,1.22,14
"4",10824,"seagull",5.27,1.7,22,2.9,2.21,21,4.41,2.11,22,5.21,1.42,14,5.38,2.2,8,2.82,1.99,11,3.22,2.59,9,3.83,1.72,6,4.62,2.25,16,4.3,1.7,10,6.08,1.24,12,2.27,1.56,11,3.6,2.67,10,4.23,1.88,13,4.67,2.5,9,5.17,1.85,12,5.4,1.58,10,2.15,1.28,13,4.12,2.9,8,4.08,2.02,12,4.8,2.25,10
"5",9157,"pleasure",7.8,1.94,20,6.8,2.93,20,7.18,1.33,22,7.75,2.76,8,7.83,1.27,12,8.43,1.13,7,5.92,3.25,13,6.7,1.34,10,7.58,1.24,12,6.86,2.91,7,8.33,0.98,12,6.73,2.83,11,6.89,3.22,9,7,1.41,11,7.36,1.29,11,7.58,2.35,12,8.12,1.13,8,6.92,3.23,12,6.62,2.62,8,7.36,1.21,11,7,1.48,11
"6",5758,"hernia",2.48,1.57,21,5.42,2.46,19,2.95,2.29,21,2.67,1.37,6,2.4,1.68,15,5.5,2.33,8,5.36,2.66,11,2.82,2.32,11,3.1,2.38,10,2.17,1.6,6,2.6,1.59,15,5,2.45,10,5.89,2.52,9,3.5,2.59,14,1.86,0.9,7,2.86,1.68,7,2.29,1.54,14,5.14,2.74,14,6.2,1.3,5,2.58,2.02,12,3.44,2.65,9
"7",8725,"parental",6.21,1.81,19,2.73,2.35,22,5.93,2.61,28,6,1.55,6,6.31,1.97,13,2.82,2.64,11,2.64,2.16,11,6.18,2.86,11,5.76,2.51,17,6,2.1,11,6.5,1.41,8,1.91,1.45,11,3.55,2.84,11,5.5,2.41,18,6.7,2.91,10,6.08,1.93,13,6.5,1.64,6,2.93,2.7,14,2.38,1.69,8,5.38,2.85,16,6.67,2.15,12
"8",657,"assert",5.68,1.49,19,4.64,2.13,22,5.93,2.28,28,5.38,0.92,8,5.91,1.81,11,4.78,2.11,9,4.54,2.22,13,5.57,2.28,14,6.29,2.3,14,5.44,1.67,9,5.9,1.37,10,4.82,2.18,11,4.45,2.16,11,5.29,2.46,14,6.57,1.95,14,5.7,1.64,10,5.67,1.41,9,4.5,1.9,10,4.75,2.38,12,5.83,1.9,12,6,2.58,16
"9",7300,"lye",4.26,1.79,19,4.29,2.35,21,4.91,2.62,34,5.11,1.76,9,3.5,1.51,10,4.62,2.07,8,4.08,2.56,13,5.64,2.47,14,4.4,2.66,20,4.33,2.29,9,4.2,1.32,10,4.77,2.17,13,3.5,2.56,8,4.91,2.86,22,4.92,2.23,12,4.2,2.1,10,4.33,1.5,9,4.57,2.53,14,3.71,1.98,7,5.65,2.37,17,4.18,2.72,17
"10",7776,"misread",3.59,1.76,22,3.79,2.1,19,3.33,1.56,21,4,2,5,3.44,1.79,16,3.75,1.83,8,3.82,2.36,11,3.3,1.06,10,3.36,1.96,11,3.58,1.62,12,3.6,2.01,10,4.8,1.87,10,2.67,1.8,9,3.33,1.5,12,3.33,1.73,9,3.09,1.76,11,4.09,1.7,11,3.88,2.17,8,3.73,2.15,11,3.22,0.83,9,3.42,1.98,12
"11",12600,"titanium",5.26,1.66,19,3.78,2.24,18,5.88,2.15,24,5,1.22,5,5.36,1.82,14,4.8,2.86,5,3.38,1.94,13,5.77,2.59,13,6,1.61,11,6.1,1.29,10,4.33,1.58,9,4.57,2.51,7,3.27,2,11,5.56,2.31,16,6.5,1.77,8,5.08,1.98,13,5.67,0.52,6,4.42,2.23,12,2.5,1.76,6,6.13,2.13,15,5.44,2.24,9
"12",577,"arise",6.17,1.25,18,4.76,2.3,21,5.87,1.46,23,6.6,1.14,5,6,1.35,12,4.5,2.81,6,4.87,2.17,15,5.6,1.07,10,6.08,1.71,13,5.86,1.46,7,6.4,1.17,10,5.14,2.54,7,4.57,2.24,14,5.45,1.37,11,6.25,1.48,12,6.33,0.89,12,5.83,1.83,6,4.64,2.25,11,4.9,2.47,10,5.43,1.16,14,6.56,1.67,9
"13",9706,"purity",6.57,2.04,21,3,2.37,23,5.78,2.51,18,6.67,1.58,9,6.5,2.39,12,3.91,2.66,11,2.17,1.8,12,6.5,2.37,10,4.88,2.53,8,5.57,2.37,7,7.31,1.55,13,3.73,2.69,11,2.33,1.92,12,5.86,3.39,7,5.73,1.95,11,6.46,2.26,13,6.75,1.75,8,3.18,2.82,11,2.83,1.99,12,4.56,2.6,9,7,1.8,9
"14",12215,"syllable",4.95,0.97,21,2.5,1.74,22,5.7,2,27,5.2,0.63,10,4.73,1.19,11,2.14,1.68,7,2.67,1.8,15,5.76,2.33,17,5.6,1.35,10,5.18,0.6,11,4.7,1.25,10,2.4,2.61,5,2.53,1.5,17,5.57,2.21,14,5.85,1.82,13,4.92,0.76,13,5,1.31,8,1.9,1.37,10,3,1.91,12,6.21,2.01,14,5.15,1.91,13
"15",11159,"sightseeing",7.38,1.36,21,5.08,2.67,24,6.41,2.24,22,7.62,1.19,8,7.23,1.48,13,5.77,2.68,13,4.27,2.53,11,6.31,2.36,13,6.56,2.19,9,8,1.07,8,7.08,1.44,12,5.5,2.07,14,4.5,3.37,10,6.42,2.02,12,6.4,2.59,10,7.5,1.27,10,7.27,1.49,11,5.53,2.9,17,4,1.73,7,6.3,2.79,10,6.5,1.78,12
"16",2457,"composite",4.89,1.78,18,3.55,2.22,22,5.35,1.47,23,4.67,2.07,6,5,1.71,12,4.08,2.35,12,2.9,1.97,10,5.38,1.6,8,5.33,1.45,15,4.89,1.05,9,4.89,2.37,9,4.56,2.35,9,2.85,1.91,13,5,1.37,16,6.33,1.51,6,4.71,1.38,7,5,2.05,11,3.44,2.01,9,3.62,2.43,13,5.4,1.8,15,5.25,0.46,8
"17",3290,"departure",4.05,1.66,21,3.65,2.85,20,5.09,2.64,22,4.5,2.17,6,3.87,1.46,15,3.75,3.01,8,3.58,2.87,12,5.42,2.91,12,4.7,2.36,10,4.44,2.13,9,3.75,1.22,12,4.11,2.85,9,3.27,2.94,11,4.29,2.56,7,5.47,2.67,15,3.5,1.84,10,4.55,1.37,11,3.23,2.35,13,4.43,3.69,7,5.42,3.2,12,4.7,1.83,10
"18",10164,"rendition",5.11,1.59,19,3.6,2.26,20,5.3,2.18,20,4.33,1.15,3,5.33,1.68,15,3.8,2.15,10,3.4,2.46,10,5.3,2.26,10,5.3,2.21,10,5.83,2.4,6,4.83,1.03,12,3.29,2.14,7,3.77,2.39,13,5.12,2.17,8,5.42,2.27,12,5.42,1.08,12,4.57,2.23,7,3.5,2.55,10,3.7,2.06,10,5.44,1.88,9,5.18,2.48,11
"19",3021,"curve",5.81,1.97,21,4.52,2,23,5.14,1.85,21,4.6,1.52,5,6.19,1.97,16,5.33,1.44,12,3.64,2.2,11,4.45,1.69,11,5.56,1.51,9,5.92,2.31,12,5.67,1.5,9,4.5,1.67,16,4.57,2.76,7,5,1.26,11,5.3,2.41,10,6.15,1.99,13,5.25,1.91,8,4.58,2.12,19,4.25,1.5,4,4.64,1.69,14,6.14,1.86,7
"20",8852,"peep",4.42,2.14,19,4.3,2.47,20,4.96,2.42,24,4.77,2.42,13,3.67,1.21,6,5.2,2.59,5,4,2.45,15,5.31,2.43,13,4.55,2.46,11,4.33,2.6,9,4.5,1.78,10,5.29,2.75,7,3.77,2.24,13,5.18,2.09,11,4.77,2.74,13,5,2.18,9,3.9,2.08,10,3.7,2.41,10,4.9,2.51,10,5.22,2.49,9,4.8,2.46,15
"21",1800,"carpet",5.95,1.5,21,2.77,1.6,22,5.1,1.81,21,6,1.22,9,5.92,1.73,12,2.5,1.52,6,2.73,1.62,15,5.33,2.07,6,5,1.77,15,5.33,1.5,9,6.42,1.38,12,3.2,1.79,5,2.65,1.58,17,4.9,1.6,10,5.27,2.05,11,6.08,1.73,12,5.78,1.2,9,3.11,1.76,9,2.54,1.51,13,5.42,1.88,12,4.67,1.73,9
"22",8112,"need",5.45,1.82,22,3.67,2.15,21,5.06,2.16,17,5.17,2.48,6,5.67,1.59,15,2.71,1.7,7,4.14,2.25,14,5.11,2.42,9,5,2,8,5.71,2.02,14,5.14,1.46,7,3.22,1.86,9,4,2.37,12,6,2.29,9,4,1.51,8,5.64,1.82,14,5.12,1.89,8,3.83,2.71,6,3.6,1.99,15,6.11,2.15,9,3.88,1.55,8
"23",1290,"boarder",5.15,1.04,20,3.75,1.98,24,5.44,2.28,27,5,0.53,8,5.25,1.29,12,3.44,1.94,9,3.93,2.05,15,5.29,2.2,14,5.62,2.43,13,5,0.71,9,5.27,1.27,11,3.92,2.23,12,3.58,1.78,12,5.38,2.43,13,5.5,2.21,14,5.3,1.42,10,5,0.47,10,4.17,1.85,12,3.33,2.1,12,5.67,1.72,12,5.27,2.69,15
"24",12546,"thyroid",4.28,1.87,18,3.14,1.73,22,3.13,1.71,23,4.36,2.2,11,3.83,1.17,6,3.38,1.85,8,3,1.71,14,2.86,1.35,7,3.25,1.88,16,3.62,1.92,8,4.8,1.75,10,3,2.18,9,3.23,1.42,13,3.64,1.96,11,2.67,1.37,12,4.18,2.23,11,4.43,1.27,7,2.82,2.04,11,3.45,1.37,11,3.31,1.93,13,2.9,1.45,10
"25",2921,"critical",3.95,2.17,19,4.95,2.24,20,4.22,1.83,23,4.46,2.07,13,2.83,2.14,6,4.4,1.14,5,5.13,2.5,15,4.33,1.37,12,4.09,2.3,11,5.44,2.07,9,2.6,1.17,10,5.86,2.34,7,4.46,2.11,13,4.6,2.07,10,3.92,1.66,13,3.67,2.24,9,4.2,2.2,10,4.7,2.63,10,5.2,1.87,10,4.62,2.33,8,4,1.56,15
"26",8396,"offshore",4.95,1.65,19,3.5,2.43,22,4.13,2.4,23,5.27,1.35,11,5,1.53,7,3.75,2.66,8,3.36,2.37,14,4.71,2.63,7,3.88,2.33,16,4.12,1.96,8,5.55,1.13,11,3.11,2.37,9,3.77,2.52,13,5,1.95,11,3.33,2.57,12,4.42,1.68,12,5.86,1.21,7,2.73,2.61,11,4.27,2.05,11,4.38,2.47,13,3.8,2.39,10
"27",10981,"sexuality",5.95,1.27,19,7.14,1.96,21,6.74,2.32,23,6.33,1.53,3,5.88,1.26,16,6.71,2.69,7,7.31,1.6,13,6.75,1.83,8,6.73,2.6,15,6.14,1.35,7,5.83,1.27,12,7,1.73,7,7.15,2.19,13,6.86,1.99,14,6.56,2.88,9,5.62,1.3,8,6.18,1.25,11,7.73,1.42,11,6.5,2.32,10,6.59,2.58,17,7.17,1.47,6
"28",4706,"flare",5.4,1.31,20,4.86,2.4,22,5.84,1.8,19,5.56,1.74,9,5.27,0.9,11,5,2.45,5,4.81,2.54,16,5.17,2.32,6,6.15,1.52,13,5.29,1.38,14,5.67,1.21,6,4,2.49,12,6,2,9,5.89,1.45,9,5.8,2.15,10,5.4,1.65,10,5.4,0.97,10,3.75,2.22,12,6.2,1.93,10,6.5,2.66,6,5.54,1.27,13
"29",532,"appreciate",7.33,1.53,18,3.1,2.25,20,7,1.46,18,6.12,1.36,8,8.3,0.82,10,3.86,2.91,7,2.69,1.8,13,6.55,1.37,11,7.71,1.38,7,6.64,1.5,11,8.43,0.79,7,2.56,2.55,9,3.55,1.97,11,7,1.55,11,7,1.41,7,7,1.6,12,8,1.26,6,2.08,1.38,12,4.62,2.5,8,7.11,1.54,9,6.89,1.45,9
"30",8153,"neurotic",3.84,1.54,43,4.98,2.27,41,4.15,2.38,41,4.18,1.53,22,3.48,1.5,21,4.93,2.62,14,5,2.13,27,4.44,2.61,16,3.96,2.26,25,4.36,1.56,22,3.29,1.35,21,5.33,2.47,15,4.77,2.18,26,4.32,2.27,25,3.88,2.6,16,3.77,1.56,26,3.94,1.56,17,4.55,2.18,22,5.47,2.34,19,4.71,2.48,24,3.35,2.06,17
"31",1656,"buyer",5.9,1.58,21,3.95,1.96,21,5.76,2.22,25,6.17,1.59,12,5.56,1.59,9,4.71,2.36,7,3.57,1.7,14,5.1,1.91,10,6.2,2.37,15,5.75,2.22,4,5.94,1.48,17,4,2.49,10,3.91,1.45,11,5.71,2.29,7,5.78,2.26,18,6.33,1.67,12,5.33,1.32,9,4,1.47,13,3.88,2.7,8,5.22,2.73,9,6.06,1.91,16
"32",4352,"expiration",3.45,2.04,20,4.29,1.74,21,3.72,2.37,32,2.9,1.45,10,4,2.45,10,4.75,0.89,8,4,2.08,13,4.31,2.32,13,3.32,2.38,19,2.67,1.8,9,4.09,2.07,11,4.46,1.76,13,4,1.77,8,4.1,2.61,20,3.08,1.83,12,3.1,1.85,10,3.8,2.25,10,4.71,1.44,14,3.43,2.07,7,4.12,2.31,16,3.31,2.44,16
"33",7787,"mistrial",4.15,1.57,20,3.29,2.12,21,4.3,2.28,27,4.86,2.04,7,3.77,1.17,13,3.78,2.28,9,2.92,2.02,12,4.2,2.27,15,4.45,2.5,11,3.91,1.3,11,4.44,1.88,9,3.12,1.64,8,3.38,2.43,13,4.24,2.46,17,4.44,2.19,9,4.23,1.88,13,4,0.82,7,3.13,2.36,15,3.67,1.51,6,4.08,2.84,12,4.47,1.81,15
"34",13593,"waterworks",5.4,2.01,20,3.6,2.52,20,4.88,2.17,25,5.5,2.65,4,5.38,1.93,16,4.25,2.06,4,3.44,2.66,16,4.78,2.54,9,4.94,2.02,16,5.62,2.13,8,5.25,2.01,12,3.33,2.24,9,3.82,2.82,11,5.14,2.18,14,4.55,2.21,11,5.45,1.51,11,5.33,2.6,9,3.33,2.92,9,3.82,2.27,11,5,2.28,18,4.57,1.99,7
"35",9818,"rag",4.21,1.84,19,2.65,1.79,20,4.45,2.39,20,4.33,1.53,3,4.19,1.94,16,2.5,1.64,6,2.71,1.9,14,5.33,1.86,6,4.07,2.56,14,4.4,1.17,10,4,2.45,9,2.71,1.8,7,2.62,1.85,13,5.2,2.39,10,3.7,2.26,10,4.38,1.41,8,4.09,2.17,11,2.67,1.87,9,2.64,1.8,11,3.75,2.96,8,4.92,1.93,12
"36",921,"barley",4.95,1.5,22,3.62,2.33,26,5.79,2.13,24,4.78,1.86,9,5.08,1.26,13,2.9,2.33,10,4.06,2.29,16,6,1.87,9,5.67,2.32,15,5.12,1.25,8,4.86,1.66,14,3.69,2.36,13,3.54,2.4,13,5.33,2.02,12,6.25,2.22,12,4.58,1.56,12,5.4,1.35,10,3,2.3,15,4.45,2.21,11,5.69,1.93,13,5.91,2.43,11
"37",5392,"grenade",3.51,2.39,41,6.86,2.22,21,3.72,2.57,61,3.37,2.43,19,3.64,2.4,22,7,1.9,6,6.8,2.4,15,3.87,2.42,31,3.57,2.75,30,4.21,2.72,19,3,1.92,21,6.86,2.73,7,6.86,2.03,14,4,2.69,36,3.32,2.38,25,3.4,2.64,20,3.62,2.18,21,6.56,3,9,7.08,1.51,12,4.03,2.7,31,3.4,2.43,30
"38",4002,"elementary",6.11,1.49,19,3.5,2.14,20,4.91,2.02,23,6.31,1.7,13,5.67,0.82,6,4,2.83,5,3.33,1.95,15,4.92,2.15,12,4.91,1.97,11,6,1.73,9,6.2,1.32,10,3.86,2.34,7,3.31,2.1,13,4.82,1.78,11,5,2.3,12,5.89,0.78,9,6.3,1.95,10,3.7,2.31,10,3.3,2.06,10,4.89,2.76,9,4.93,1.49,14
"39",12162,"suv",4.75,1.71,20,3.48,2.25,23,5.11,2.42,28,3.88,1.64,8,5.33,1.56,12,3.38,2.5,8,3.53,2.2,15,5.14,2.57,14,5.07,2.37,14,4.67,2.4,9,4.82,0.98,11,4,2.41,12,2.91,2.02,11,4.64,2.5,14,5.57,2.34,14,5.7,1.49,10,3.8,1.4,10,4,2.22,12,2.91,2.26,11,5.67,2.35,12,4.69,2.47,16
"40",8886,"people",5.7,2.01,81,3.77,2.34,82,5.4,2.19,95,5.06,1.82,33,6.15,2.05,47,3.68,2.28,28,3.85,2.41,53,5.4,2.25,40,5.37,2.18,54,5.49,1.89,47,6,2.19,33,3.74,2.26,34,3.83,2.43,47,5.62,2.15,48,5.17,2.24,47,5.74,2.05,46,5.66,1.98,35,3.89,2.34,36,3.67,2.37,46,5.54,2.25,54,5.22,2.13,41
"41",5800,"hilltop",6.15,1.27,20,3.09,1.8,22,6.44,2.21,27,6.86,1.35,7,5.77,1.09,13,3.8,1.75,10,2.5,1.68,12,6.87,1.64,15,6.09,2.81,11,5.82,0.98,11,6.56,1.51,9,3.78,2.11,9,2.62,1.45,13,6.47,2.5,17,6.67,1.58,9,6.46,1.13,13,5.57,1.4,7,3,1.83,16,3.33,1.86,6,5.75,2.3,12,7,2.04,15
"42",6829,"kingdom",6.74,2.13,19,4.2,2.42,20,6.75,2.22,20,6.33,2.31,3,6.8,2.24,15,4.7,2.11,10,3.7,2.71,10,7,2.16,10,6.5,2.37,10,6,2.45,6,7.08,2.07,12,4.57,2.3,7,4,2.55,13,7.62,1.77,8,6.17,2.37,12,7.42,1.44,12,5.57,2.7,7,4.3,2.36,10,4.1,2.6,10,7,2.18,9,6.55,2.34,11
"43",607,"arsenal",4.45,2.2,22,5.48,2.24,25,5.25,2.47,24,5.44,1.88,9,3.77,2.2,13,6,2.31,10,5.13,2.2,15,5.22,2.17,9,5.27,2.71,15,4.12,1.89,8,4.64,2.41,14,5.17,2.33,12,5.77,2.2,13,4.83,2.04,12,5.67,2.87,12,4.08,2.39,12,4.9,1.97,10,5.36,2.47,14,5.64,2.01,11,5.46,2.44,13,5,2.61,11
"44",12965,"umbrella",5.84,1.64,19,3.5,2.01,20,5.75,2.06,44,5.89,1.69,9,5.8,1.69,10,4.5,2.14,8,2.83,1.7,12,5.45,1.85,20,6,2.23,24,5.57,1.9,7,6,1.54,12,3.56,1.59,9,3.45,2.38,11,5.74,1.79,19,5.76,2.28,25,6.1,1.6,10,5.56,1.74,9,3.7,1.83,10,3.3,2.26,10,6.19,2.34,21,5.35,1.72,23
"45",12117,"support",6.89,2.14,18,3.05,1.99,20,6.11,2.42,18,6.38,1.69,8,7.3,2.45,10,3.29,1.7,7,2.92,2.18,13,5.82,2.09,11,6.57,2.99,7,6.82,1.66,11,7,2.89,7,3,1.85,8,3.08,2.15,12,6.09,2.3,11,6.14,2.79,7,6.33,2.35,12,8,1.1,6,2.91,1.87,11,3.22,2.22,9,6.67,2.65,9,5.56,2.19,9
"46",11591,"sphinx",6.05,2.35,20,4.9,2.36,20,5.27,1.97,26,5.36,2.46,11,6.89,2.03,9,4.29,2.06,7,5.23,2.52,13,4.85,1.86,13,5.69,2.06,13,6.73,2.33,11,5.22,2.22,9,5.64,2.2,11,4,2.35,9,5.18,2.1,17,5.44,1.81,9,7.3,1.57,10,4.8,2.39,10,5.17,2.72,12,4.5,1.77,8,5.19,2.14,16,5.4,1.78,10
"47",2742,"cornerstone",5.9,1.8,20,3.33,2.2,18,6.32,1.62,22,6.2,1.79,5,5.8,1.86,15,4.33,1.97,6,2.83,2.21,12,5.6,1.26,10,6.92,1.68,12,5.8,1.48,10,6,2.16,10,3.7,2.06,10,2.88,2.42,8,6,1.84,11,6.64,1.36,11,5.67,2.1,12,6.25,1.28,8,2.56,2.35,9,4.11,1.83,9,5.82,1.6,11,6.82,1.54,11
"48",7591,"meet",6.09,1.54,22,3.71,2.12,21,5.89,1.91,18,6.17,1.47,6,6.07,1.67,15,3.57,2.23,7,3.79,2.15,14,5.89,2.15,9,6,1.85,8,6,1.8,14,6.29,1.11,7,3.56,2.24,9,3.83,2.12,12,6.1,2.38,10,5.62,1.19,8,5.71,1.33,14,6.75,1.75,8,4.33,2.58,6,3.47,1.96,15,6.3,2.16,10,5.38,1.51,8
"49",4000,"element",5.58,1.46,19,3.9,2.36,21,5,1.95,20,5,1,3,5.69,1.54,16,3,1.67,6,4.27,2.55,15,5.33,1.97,6,4.86,1.99,14,5.5,1.51,10,5.67,1.5,9,4,2.52,7,3.86,2.38,14,5.2,2.15,10,4.8,1.81,10,5.5,1.51,8,5.64,1.5,11,4,2.18,9,3.83,2.59,12,5.38,2.62,8,4.75,1.42,12
"50",12583,"tinkling",5.33,1.49,21,5.4,1.83,25,5.91,2.31,22,5,0.53,8,5.54,1.85,13,5.77,1.69,13,5,1.95,12,6.23,1.92,13,5.44,2.83,9,5.62,1.51,8,5.33,1.44,12,5.93,1.54,14,4.73,2,11,6.17,1.9,12,5.6,2.8,10,5.1,1.6,10,5.55,1.44,11,5.24,1.71,17,5.75,2.12,8,5.5,3.03,10,6.25,1.54,12
"51",10858,"secular",4.81,1.69,21,3.52,2.04,23,5.09,1.9,22,4.91,1.51,11,4.7,1.95,10,4,2.1,11,3.08,1.98,12,4.38,1.51,8,5.69,1.97,13,4.5,2.17,10,5.09,1.14,11,4.27,2.28,11,2.83,1.59,12,5.36,1.78,14,4.86,2.19,7,5,1.96,13,4.5,1.2,8,3.8,2.31,15,3,1.41,8,5.07,1.86,14,5.12,2.1,8
"52",2122,"circus",5.85,2.13,40,5.45,2.94,44,4.94,2.21,49,5.57,1.99,14,6,2.23,26,5.29,2.94,21,5.61,3,23,5.17,2.38,18,4.81,2.14,31,5.78,2.24,18,5.91,2.09,22,4.86,2.8,22,6.05,3.02,22,4.54,2.14,26,5.39,2.25,23,5.9,2.13,20,5.8,2.19,20,5.17,2.93,24,5.8,2.98,20,5.29,2.25,31,4.33,2.06,18
"53",1596,"bumper",4.79,1.65,19,3.45,1.71,22,5.11,1.94,19,5.33,1.8,9,4.3,1.42,10,2.8,2.05,5,3.81,1.52,16,5.33,2.66,6,5,1.63,13,5,1.73,13,4.33,1.51,6,3.33,1.67,12,3.89,1.69,9,4.11,1.27,9,6,2.05,10,4.89,1.45,9,4.7,1.89,10,3,1.81,12,4,1.49,10,5.83,2.14,6,4.77,1.83,13
"54",2270,"cock",5.05,2.65,20,5.74,2.2,23,5.5,2.78,28,4.25,1.75,8,5.58,3.06,12,5,2.45,9,6.21,1.97,14,5.64,2.95,14,5.36,2.71,14,6.22,2.99,9,4.09,1.97,11,6.83,1.4,12,4.55,2.34,11,5.14,3.06,14,5.86,2.54,14,5.4,3.06,10,4.7,2.26,10,6.36,1.96,11,5.17,2.33,12,6.25,2.53,12,4.94,2.91,16
"55",7731,"mingle",5.21,2.44,19,4.41,2.97,22,5.36,1.85,28,3.67,1.97,6,5.92,2.36,13,4.27,2.9,11,4.55,3.17,11,5.55,2.11,11,5.24,1.71,17,5.27,2.76,11,5.12,2.1,8,3.73,3.17,11,5.09,2.74,11,5.67,1.88,18,4.8,1.75,10,5.15,2.61,13,5.33,2.25,6,5,3.11,14,3.38,2.56,8,5.5,2.13,16,5.17,1.47,12
"56",1883,"cell",4.09,2.69,22,4.23,2.32,43,4.86,2.26,44,3.45,1.75,11,4.73,3.35,11,4.7,2.27,20,3.83,2.33,23,4.27,2.43,22,5.45,1.95,22,5.1,3.07,10,3.25,2.09,12,4.58,2.24,19,3.96,2.39,24,4.66,1.99,29,5.27,2.74,15,4.43,3.18,14,3.5,1.51,8,4.37,2.22,27,4,2.53,16,4.48,2.31,25,5.37,2.14,19
"57",5099,"gassy",3.21,2.3,19,3.5,2.13,22,4.26,1.66,19,3.44,1.94,9,3,2.67,10,2.86,1.95,7,3.93,2.23,14,3.6,1.07,10,5,1.94,9,3.11,3.02,9,3.3,1.57,10,3.67,2.92,9,3.5,1.51,12,4.25,0.89,8,4.3,2.21,10,3.33,2.64,12,3,1.73,7,3.47,2.29,19,3.67,0.58,3,4.12,0.64,8,4.36,2.16,11
"58",10580,"sacrificial",3.2,1.58,20,5.94,2.6,18,4.46,2.92,24,3.4,1.52,5,3.13,1.64,15,7.4,2.07,5,5.38,2.63,13,5.31,2.95,13,3.45,2.66,11,3.7,1.7,10,2.7,1.34,10,7.29,1.89,7,5.09,2.7,11,5.31,2.96,16,2.75,2.05,8,3.07,1.64,14,3.5,1.52,6,6.25,2.49,12,5.33,2.94,6,4.07,3.17,15,5.11,2.47,9
"59",1192,"blacksmith",5.58,1.71,19,3.24,2.08,17,6,1.84,17,6.27,1.42,11,4.62,1.69,8,4.5,2.52,4,2.85,1.86,13,6.38,1.92,8,5.67,1.8,9,6.25,1.83,8,5.09,1.51,11,4.29,2.06,7,2.5,1.84,10,5.83,2.04,6,6.09,1.81,11,5.69,1.84,13,5.33,1.51,6,2.6,2.27,10,4.14,1.46,7,5.43,1.81,7,6.4,1.84,10
"60",9461,"prior",4.32,1.89,19,3,1.72,22,5.17,2.01,24,4.33,1.75,6,4.31,2.02,13,3.42,1.62,12,2.5,1.78,10,5.88,1.64,8,4.81,2.14,16,4.5,1.35,10,4.11,2.42,9,3.22,1.79,9,2.85,1.72,13,5.06,2.25,17,5.5,1.52,6,3.38,1.51,8,5,1.9,11,3.11,1.69,9,2.92,1.8,13,5.62,2.03,16,4.25,1.75,8
"61",2092,"chump",4.1,2.02,20,3.95,2.42,20,4.05,2.13,22,4.83,2.79,6,3.79,1.63,14,4.12,2.42,8,3.83,2.52,12,3.83,2.25,12,4.3,2.06,10,4.12,2.64,8,4.08,1.62,12,4.44,2.7,9,3.55,2.21,11,3.43,0.79,7,4.33,2.5,15,4.22,2.68,9,4,1.41,11,3.69,2.29,13,4.43,2.76,7,4.17,2.44,12,3.9,1.79,10
"62",3903,"earl",5.15,1.42,20,3.64,1.87,22,5.76,1.7,21,5.33,0.87,9,5,1.79,11,3.5,2.32,10,3.75,1.48,12,4.88,1.55,8,6.31,1.6,13,5.36,1.22,14,4.67,1.86,6,3.62,2.13,8,3.64,1.78,14,5.25,2.19,8,6.08,1.32,13,5.4,1.26,10,4.9,1.6,10,3.75,2.01,12,3.5,1.78,10,5.75,1.6,12,5.78,1.92,9
"63",4459,"familiar",6.19,1.86,21,2.5,1.54,20,7.21,2.15,19,5.54,1.71,13,7.25,1.67,8,3.43,1.51,7,2,1.35,13,6.29,2.14,7,7.75,2.05,12,5.92,2.11,12,6.56,1.51,9,2.44,1.59,9,2.55,1.57,11,7.1,2.08,10,7.33,2.35,9,6.33,2.02,12,6,1.73,9,3,1.41,7,2.23,1.59,13,8.43,0.79,7,6.5,2.39,12
"64",11367,"smoothie",7.89,1.2,19,4.35,2.53,23,5.89,1.94,19,7.56,1.24,9,8.2,1.14,10,3.14,1.95,7,5.07,2.6,15,6.3,2,10,5.44,1.88,9,8.44,1.01,9,7.4,1.17,10,4.9,2.92,10,4.08,2.23,12,5.38,1.51,8,6,2.11,10,7.83,1.27,12,8,1.15,7,4.55,2.52,20,3,2.65,3,6,1.93,8,5.82,2.04,11
"65",5531,"hairball",3,1.26,21,4.52,2.44,21,4.12,2.47,24,3.17,1.27,12,2.78,1.3,9,4.86,2.48,7,4.36,2.5,14,3.89,2.93,9,4.27,2.25,15,2.5,1.29,4,3.12,1.27,17,3.9,2.38,10,5.09,2.47,11,3.57,2.82,7,4.35,2.37,17,3,1.13,12,3,1.5,9,4.31,2.5,13,4.88,2.47,8,2.89,1.36,9,4.87,2.72,15
"66",2569,"conk",4.47,2.01,19,4,2.49,20,5.4,2.06,20,4,1.73,3,4.47,2.13,15,3.9,2.47,10,4.1,2.64,10,5.8,1.93,10,5,2.21,10,4.5,2.35,6,4.33,1.97,12,4.57,3.46,7,3.69,1.89,13,4.88,1.96,8,5.75,2.14,12,4.33,1.67,12,4.71,2.63,7,4.5,2.76,10,3.5,2.22,10,4.78,1.56,9,5.91,2.34,11
"67",3146,"decency",5.55,2.01,20,3.36,1.65,22,6.21,2.2,19,5.56,2.07,9,5.55,2.07,11,3.2,2.28,5,3.5,1.51,16,6,3.22,6,6.31,1.7,13,5.71,1.73,14,5.17,2.71,6,3.25,1.48,12,3.67,1.94,9,5.11,1.45,9,7.2,2.35,10,6.1,1.45,10,5,2.4,10,2.92,1.73,12,3.9,1.45,10,6.17,2.86,6,6.23,1.96,13
"68",8700,"paradise",7,2.33,22,4.82,2.95,22,7.9,1.58,21,7.25,1.75,8,6.86,2.66,14,4.92,2.97,12,4.7,3.09,10,8.09,1.22,11,7.7,1.95,10,6.55,2.84,11,7.45,1.69,11,4.78,3.42,9,4.85,2.73,13,7.69,1.89,13,8.25,0.89,8,6.8,2.1,10,7.17,2.59,12,5.11,2.62,9,4.62,3.25,13,7.92,1.26,13,7.88,2.1,8
"69",567,"architectural",6.32,2.06,19,4.05,2.77,21,5.18,1.91,28,5,0.89,6,6.92,2.18,13,4.7,2.54,10,3.45,2.94,11,5.36,2.58,11,5.06,1.39,17,6.45,2.38,11,6.12,1.64,8,3.6,2.63,10,4.45,2.94,11,4.61,1.79,18,6.2,1.75,10,6.31,2.1,13,6.33,2.16,6,4.21,3.12,14,3.71,2.06,7,4.81,2.01,16,5.67,1.72,12
"70",11187,"simpleton",4.53,2.29,19,3.18,2.42,22,4.11,2.2,28,4.67,1.63,6,4.46,2.6,13,3.36,2.73,11,3,2.19,11,4.82,2.93,11,3.65,1.5,17,4.73,2.05,11,4.25,2.71,8,3,2.1,11,3.36,2.8,11,4.5,2.12,18,3.4,2.27,10,5.38,2.1,13,2.67,1.51,6,3.14,2.48,14,3.25,2.49,8,3.62,2.53,16,4.75,1.54,12
"71",1885,"cellblock",2.95,1.8,21,4.7,2.89,20,4.08,2.37,36,3.12,2.1,8,2.85,1.68,13,6,2,5,4.27,3.06,15,3.82,2.52,11,4.2,2.35,25,3.08,1.98,13,2.75,1.58,8,5.42,2.94,12,3.62,2.62,8,4.2,2.14,20,3.94,2.69,16,3.64,1.91,11,2.2,1.4,10,5.09,3.11,11,4.22,2.68,9,3.77,2.45,22,4.57,2.24,14
"72",2971,"crusty",4.29,1.68,24,3.17,2.08,24,4.75,2.29,20,4,1.15,10,4.5,1.99,14,4.17,1.17,6,2.83,2.23,18,4.64,2.2,11,4.89,2.52,9,4.15,2.08,13,4.45,1.13,11,3.6,2.32,10,2.86,1.92,14,5,2.58,13,4.29,1.7,7,4.62,1.86,16,3.62,1.06,8,3.44,2.1,16,2.62,2.07,8,4.5,2.32,12,5.12,2.36,8
"73",8432,"openness",6.52,2.42,21,4.37,2.69,19,5.86,1.9,21,4,2.45,5,7.4,1.88,15,6.12,1.96,8,3.09,2.47,11,5.5,1.84,10,6.18,1.99,11,5.25,2.34,12,8.22,1.2,9,4,2.21,10,4.78,3.23,9,5.58,1.93,12,6.22,1.92,9,6,2.76,11,7.1,1.97,10,3.75,1.83,8,4.82,3.19,11,5.44,1.88,9,6.17,1.95,12
"74",1331,"bonfire",6.53,1.26,19,4.67,2.58,21,5.35,1.93,20,6.33,1.15,3,6.56,1.31,16,4.5,2.26,6,4.73,2.76,15,5.83,1.47,6,5.14,2.11,14,6.4,1.17,10,6.67,1.41,9,5.14,2.97,7,4.43,2.44,14,5.4,1.78,10,5.3,2.16,10,6.75,1.28,8,6.36,1.29,11,3.89,3.22,9,5.25,1.91,12,5.38,2.67,8,5.33,1.37,12
"75",1898,"cent",5.37,1.61,19,3.76,1.58,21,5.3,1.94,23,5,0.71,5,5.62,1.85,13,3.67,1.03,6,3.8,1.78,15,5.2,1.87,10,5.38,2.06,13,4.71,1.89,7,5.91,1.3,11,4,2,7,3.64,1.39,14,4.45,1.97,11,6.08,1.62,12,5,1.6,12,6,1.53,7,3.73,1.49,11,3.8,1.75,10,5.29,1.64,14,5.33,2.45,9
"76",8950,"pervert",2.45,1.28,20,5.18,2.2,22,2.82,1.79,22,2.33,0.58,3,2.47,1.37,17,5.08,2.07,12,5.3,2.45,10,3.8,2.15,10,2,0.85,12,2.57,0.79,7,2.38,1.5,13,5.44,1.88,9,5,2.45,13,2.64,1.36,11,3,2.19,11,2.67,1.58,9,2.27,1.01,11,4.89,2.09,9,5.38,2.33,13,3.09,1.64,11,2.55,1.97,11
"77",3160,"deco",5.29,1.98,21,3.74,2.03,23,4.9,1.84,21,4.4,2.3,5,5.56,1.86,16,4,1.91,12,3.45,2.21,11,5.18,1.89,11,4.22,1.48,9,4.75,2.18,12,6,1.5,9,4.44,1.86,16,2.14,1.46,7,4.91,1.76,11,4.9,2.02,10,5.77,1.79,13,4.5,2.14,8,3.79,2.1,19,3.5,1.91,4,4.5,1.87,14,5.71,1.6,7
"78",4060,"empire",5.36,2.01,22,4.59,2.75,22,5.95,2.52,20,5.75,1.75,8,5.14,2.18,14,4.9,2.96,10,4.33,2.67,12,4.43,2.57,7,6.77,2.17,13,5.18,2.09,11,5.55,2.02,11,4.36,2.66,11,4.82,2.96,11,5.53,2.5,15,7.2,2.39,5,4.3,1.95,10,6.25,1.66,12,5.2,2.57,10,4.08,2.91,12,6.3,2.31,10,5.6,2.8,10
"79",4309,"exempt",4.84,2.06,19,4.43,2.36,21,5.54,1.98,24,4.17,2.04,6,5.15,2.08,13,5.17,2.29,12,3.44,2.19,9,4.88,2.47,8,5.88,1.67,16,5,1.41,10,4.67,2.69,9,5.33,1.87,9,3.75,2.53,12,5.53,2.03,17,5.67,2.16,6,4.25,1.91,8,5.27,2.15,11,4.44,2.65,9,4.42,2.23,12,5.81,2.07,16,5,1.77,8
"80",7014,"legislation",3.55,1.93,20,4.09,2.64,22,3.85,2.43,20,4.2,3.19,5,3.33,1.4,15,5.27,2.28,11,2.91,2.51,11,4.1,2.38,10,3.11,2.2,9,3.73,2.28,11,3.33,1.5,9,4.13,2.7,15,4,2.71,7,3.55,1.69,11,4.22,3.19,9,3.15,1.41,13,4.29,2.63,7,4.28,2.76,18,3.25,2.06,4,2.92,1.75,13,5.57,2.7,7
"81",9582,"prosper",7.67,1.91,18,6,2.6,22,5.11,2.18,19,7.75,1.04,8,7.6,2.46,10,6.29,3.35,7,6.07,2.23,14,5,2.31,10,5.22,2.17,9,8.22,0.83,9,7.11,2.52,9,5.8,2.74,10,6.45,2.5,11,4.12,1.55,8,5.6,2.37,10,7.36,2.34,11,8.14,0.9,7,6.05,2.55,19,5.67,3.51,3,5.12,2.03,8,5.09,2.39,11
"82",318,"allow",6.39,1.75,18,2.95,1.75,21,6.11,2.54,18,5.38,1.6,8,7.2,1.48,10,2.86,1.68,7,3,1.84,14,5.82,2.56,11,6.57,2.64,7,5.82,1.6,11,7.29,1.7,7,2.11,1.36,9,3.58,1.78,12,7,2.41,11,4.71,2.21,7,6.42,1.51,12,6.33,2.34,6,2.33,1.72,12,3.78,1.48,9,6.78,2.17,9,5.44,2.83,9
"83",7681,"midday",5.37,1.3,19,3.63,2.14,19,4.9,2.27,20,6,1.73,3,5.25,1.24,16,4.17,2.4,6,3.38,2.06,13,5,2.37,6,4.86,2.32,14,5.1,0.74,10,5.67,1.73,9,3,2.1,6,3.92,2.18,13,4.8,2.9,10,5,1.56,10,5.25,1.39,8,5.45,1.29,11,3.12,2.59,8,4,1.79,11,5,2.56,8,4.83,2.17,12
"84",2952,"crucify",2.26,1.52,19,5.6,2.54,42,3.11,1.41,18,2.67,1.15,3,2.19,1.6,16,5.55,2.58,20,5.64,2.56,22,3.1,1.45,10,3.12,1.46,8,2.7,1.77,10,1.78,1.09,9,4.89,2.71,19,6.17,2.29,23,3.5,1.31,8,2.56,1.33,9,2.75,1.49,8,1.91,1.51,11,5.56,2.42,27,5.67,2.82,15,3.12,1.25,8,3.1,1.6,10
"85",12926,"twenty",6.25,1.89,20,3.67,2.06,24,5.14,2.4,22,6.75,1.39,8,5.92,2.15,12,3.75,2.3,12,3.58,1.88,12,5.62,2.36,13,4.44,2.4,9,7.12,1.89,8,5.73,1.79,11,4.08,1.5,13,3.18,2.56,11,5.83,2.29,12,4.3,2.36,10,5.8,2.2,10,6.7,1.49,10,3.19,2.26,16,4.62,1.19,8,5.2,3.08,10,5.08,1.78,12
"86",3450,"difficult",3.78,1.7,18,4.45,2.35,20,3.78,2.05,18,3.38,1.19,8,4.1,2.02,10,4.57,2.57,7,4.38,2.33,13,4.27,2,11,3,2,7,3.36,1.03,11,4.43,2.37,7,4,2.74,9,4.82,2.04,11,3.55,1.92,11,4.14,2.34,7,3.5,1,12,4.33,2.66,6,3.5,2.07,12,5.88,2.1,8,3.78,2.33,9,3.78,1.86,9
"87",10154,"remission",5.19,2.23,21,3.65,2.27,23,4.1,2,21,4,1.87,5,5.56,2.25,16,4.42,2.11,12,2.82,2.23,11,3.73,1.74,11,4.11,2.03,9,5.25,2.38,12,5.11,2.15,9,3.56,1.97,16,3.86,3.02,7,4.27,1.19,11,3.9,2.69,10,5,2.42,13,5.5,2,8,3.63,2.36,19,3.75,2.06,4,3.71,1.59,14,4.86,2.61,7
"88",6671,"jazz",6.57,1.86,21,6.05,2.76,19,6.42,2.02,36,7.25,2.05,8,6.15,1.68,13,5.2,3.11,5,6.36,2.68,14,5.45,2.21,11,6.84,1.82,25,6.77,1.96,13,6.25,1.75,8,5.5,3.23,12,7,1.41,7,6.5,1.91,20,6.31,2.21,16,6.36,2.11,11,6.8,1.62,10,5.45,2.98,11,6.88,2.36,8,6.82,1.87,22,5.79,2.15,14
"89",8638,"pager",3.8,1.58,20,3.73,2.14,22,5.16,1.86,19,4,1.94,9,3.64,1.29,11,3,2.45,5,3.81,2.07,16,5.33,1.86,6,5.08,1.93,13,4.07,1.59,14,3.17,1.47,6,3.58,2.19,12,3.67,2.18,9,4.56,1.33,9,5.7,2.16,10,3.8,1.55,10,3.8,1.69,10,3.25,2.22,12,4.3,2,10,5.5,1.76,6,5,1.96,13
"90",4482,"farming",5.47,2.67,19,3.25,2.07,20,5.83,1.97,24,5.33,2.88,6,5.54,2.7,13,4.2,2.25,10,2.3,1.42,10,5,2.2,8,6.25,1.77,16,5.8,2.3,10,5.11,3.14,9,4.25,2.31,8,2.58,1.68,12,5.76,2.17,17,6.17,1.6,6,4.75,3.06,8,6,2.37,11,3.71,1.7,7,3,2.27,13,5.69,2.21,16,6.12,1.46,8
"91",11894,"stranger",4.09,1.63,22,5.8,2.28,20,4.84,2.46,19,4.69,1.65,13,3.22,1.2,9,5.57,2.44,7,5.92,2.29,13,4.14,2.61,7,5.25,2.38,12,4.5,1.83,12,3.6,1.26,10,5,2.45,9,6.45,2.02,11,4.8,2.44,10,4.89,2.62,9,4.17,1.9,12,4,1.33,10,5.71,2.69,7,5.85,2.15,13,5.86,2.48,7,4.25,2.34,12
"92",10924,"sensor",4.6,1.23,20,3.47,2.14,19,5.05,2.18,21,4.57,1.13,7,4.62,1.33,13,4,2.35,9,3,1.94,10,4.6,3.29,5,5.19,1.83,16,4.5,1.27,10,4.67,1.32,9,3.12,1.81,8,3.73,2.41,11,4.79,2.22,14,5.57,2.15,7,4.36,1.63,11,4.89,0.33,9,3.82,2.04,11,3,2.33,8,4.9,2.47,10,5.18,1.99,11
"93",13904,"zinc",4.79,1.65,19,3.17,2.04,18,5,2.15,17,5.36,1.12,11,4,2,8,4,2,4,2.93,2.06,14,4.5,2.14,8,5.44,2.19,9,5.12,1.46,8,4.55,1.81,11,3.43,2.3,7,3,1.95,11,5,1.9,6,5,2.37,11,4.62,1.66,13,5.17,1.72,6,2.64,1.91,11,4,2.08,7,5,2,7,5,2.36,10
"94",13601,"way",5.91,1.44,22,2.9,1.92,21,4.83,1.82,18,6,1.55,6,5.93,1.49,15,3.43,2.23,7,2.64,1.78,14,4.67,1.94,9,5.38,1.51,8,6.29,1.68,14,5.29,0.49,7,3.22,2.39,9,2.67,1.56,12,4.9,2.38,10,4.75,0.89,8,5.93,1.54,14,5.88,1.36,8,2.33,2.42,6,3.13,1.73,15,4.9,2.38,10,4.75,0.89,8
"95",7376,"malice",2.81,1.56,43,4.81,2.52,21,4.56,2.31,48,2.82,1.47,11,2.81,1.64,31,4.33,2.34,6,5,2.65,15,4.09,2.33,22,4.96,2.25,26,3.1,1.64,21,2.55,1.47,22,5,2.94,7,4.71,2.4,14,4.43,2.18,28,4.75,2.51,20,2.76,1.55,21,2.86,1.61,22,4.33,3.08,9,5.17,2.08,12,4.57,2.28,28,4.55,2.39,20
"96",9193,"pogo",5.4,1.47,20,3.94,2.39,18,4.95,2.28,22,5.8,0.84,5,5.27,1.62,15,3.67,2.58,6,4.08,2.39,12,4.6,2.17,10,5.25,2.42,12,5.9,0.88,10,4.9,1.79,10,3.7,2.75,10,4.25,1.98,8,4.36,2.38,11,5.55,2.11,11,5.08,1.73,12,5.88,0.83,8,2.78,1.99,9,5.11,2.26,9,4.91,2.63,11,5,2,11
"97",7972,"mucus",2.84,1.34,19,4.17,2.14,42,4.16,1.81,45,3.33,0.58,3,2.75,1.44,16,4.12,2.55,16,4.24,1.92,25,4.24,1.14,21,4.08,2.26,24,3.14,1.21,7,2.67,1.44,12,3.62,2.11,21,4.8,2.09,20,4.53,2.14,19,3.88,1.51,26,3.5,1.6,8,2.36,0.92,11,3.74,2.26,23,4.68,1.92,19,4.38,2.16,21,3.96,1.46,24
"98",8230,"nominate",5.86,1.39,21,3.48,1.9,25,6.05,2.09,19,6,1.22,9,5.75,1.54,12,4,1.79,6,3.28,1.99,18,5,1.91,7,6.67,2.02,12,5.69,1.4,16,6.4,1.34,5,3.29,1.98,14,3.7,1.95,10,5.22,2.11,9,6.8,1.87,10,6.25,1.36,12,5.33,1.32,9,3.75,1.88,16,3,1.94,9,6.27,2.41,11,5.75,1.67,8
"99",7789,"misty",5.14,1.46,21,2.5,2,24,5,2.34,20,5.12,0.99,8,5.15,1.72,13,3,1.9,6,2.33,2.06,18,5.18,2.6,11,4.78,2.11,9,4.75,1.22,12,5.67,1.66,9,2.6,1.43,10,2.43,2.38,14,5.31,2.69,13,4.43,1.51,7,5.43,1.4,14,4.57,1.51,7,3.06,2.24,16,1.38,0.52,8,5.08,2.31,12,4.88,2.53,8
"100",11289,"sledgehammer",3.57,1.83,21,4.43,2.64,23,4.41,2.24,17,4.33,2.18,9,3,1.35,12,4.91,2.12,11,4,3.07,12,5,2.65,9,3.75,1.58,8,4,2.08,7,3.46,1.76,13,5.18,2.82,11,3.75,2.38,12,4.29,2.56,7,4.5,2.12,10,3.54,1.98,13,3.62,1.69,8,4.45,3.17,11,4.42,2.19,12,4.11,2.15,9,4.75,2.43,8
"101",6934,"laser",5.64,1.68,22,5.09,2.51,22,5.52,2.36,21,6.45,1.37,11,4.82,1.6,11,5,2.33,8,5.14,2.68,14,5.5,2.17,10,5.55,2.62,11,6.12,1.55,8,5.36,1.74,14,4.4,2.17,10,5.67,2.71,12,6,2.65,13,4.75,1.67,8,5.25,1.71,12,6.1,1.6,10,5.12,2.85,8,5.07,2.4,14,5.69,2.43,13,5.25,2.38,8
"102",7017,"legitimacy",5.55,2.01,20,4.09,1.97,22,6.37,1.71,19,6.22,1.56,9,5,2.24,11,3.8,2.95,5,4.31,1.66,16,6.17,2.23,6,6.46,1.51,13,5.5,1.79,14,5.67,2.66,6,3.67,1.97,12,4.89,1.83,9,6.11,1.36,9,6.6,2.01,10,4.6,2.22,10,6.5,1.27,10,3.25,2.01,12,5.1,1.45,10,6.33,2.25,6,6.38,1.5,13
"103",7584,"mediocre",4.43,1.6,21,3,2.36,25,4.16,2.19,19,4.22,1.3,9,4.58,1.83,12,2,1.55,6,3.44,2.53,18,3.14,1.86,7,4.75,2.22,12,4.69,1.7,16,3.6,0.89,5,2.93,2.43,14,3.3,2.41,10,4.11,2.09,9,4.2,2.39,10,4.17,1.19,12,4.78,2.05,9,3.06,2.17,16,2.89,2.8,9,4,2.83,11,4.38,0.92,8
"104",2137,"civility",5.87,1.79,23,3.18,1.53,22,5.95,1.99,20,6.62,1.92,8,5.47,1.64,15,2.8,1.23,10,3.5,1.73,12,6.29,1.7,7,5.77,2.17,13,6.33,2.02,12,5.36,1.43,11,3.45,1.69,11,2.91,1.38,11,5.73,2.05,15,6.6,1.82,5,4.82,1.72,11,6.83,1.27,12,3.4,1.43,10,3,1.65,12,6.1,1.66,10,5.8,2.35,10
"105",3956,"effectiveness",6.9,1.37,20,4.95,2.84,19,6.19,2.06,26,7.18,1.25,11,6.56,1.51,9,5.71,2.21,7,4.5,3.15,12,5.54,2.4,13,6.85,1.46,13,7,1.18,11,6.78,1.64,9,5.3,2.71,10,4.56,3.09,9,6,2.4,17,6.56,1.24,9,6.6,1.58,10,7.2,1.14,10,4.67,2.77,12,5.43,3.1,7,5.81,2.1,16,6.8,1.93,10
"106",12223,"symmetry",5.27,1.52,22,3.19,2.23,26,6.42,2.21,24,6.11,1.45,9,4.69,1.32,13,2.3,1.7,10,3.75,2.38,16,6.33,2.06,9,6.47,2.36,15,5.38,1.19,8,5.21,1.72,14,3.69,2.5,13,2.69,1.89,13,6.17,2.41,12,6.67,2.06,12,4.67,1.37,12,6,1.41,10,3.27,2.43,15,3.09,2.02,11,6.46,2.07,13,6.36,2.46,11
"107",4199,"erotica",6.1,2.12,21,6.52,1.75,21,5.56,1.98,25,6.92,1.56,12,5,2.35,9,7.71,1.11,7,5.93,1.73,14,6.4,1.17,10,5,2.24,15,5.75,2.5,4,6.18,2.1,17,6.8,1.93,10,6.27,1.62,11,5,2.16,7,5.78,1.93,18,6.08,2.47,12,6.11,1.69,9,5.62,1.5,13,8,0.93,8,4.33,2.12,9,6.25,1.57,16
"108",751,"authorization",5.86,1.74,21,4.32,2.36,25,4.77,2.91,22,6.5,1.69,8,5.46,1.71,13,4.46,2.82,13,4.17,1.85,12,5.92,2.9,13,3.11,2.09,9,6.75,1.91,8,5.25,1.48,12,4.43,1.83,14,4.18,2.99,11,5.67,2.84,12,3.7,2.75,10,6,2.05,10,5.73,1.49,11,4.06,2.49,17,4.88,2.1,8,5.1,2.96,10,4.5,2.97,12
"109",5821,"hitchhike",4.74,1.45,19,5.05,2.2,21,4.57,2.27,23,5,1,3,4.69,1.54,16,4.75,2.05,8,5.23,2.35,13,5.33,2.45,9,4.07,2.09,14,4.56,1.59,9,4.9,1.37,10,5.11,2.71,9,5,1.86,12,4.4,2.59,15,4.88,1.64,8,4.86,1.21,7,4.67,1.61,12,5.5,1.84,10,4.64,2.5,11,4.77,2.74,13,4.3,1.57,10
"110",10417,"rioting",3.42,2.27,19,5.32,2.85,22,3.29,2.14,28,4.5,2.88,6,2.92,1.85,13,4.73,2.65,11,5.91,3.05,11,2.91,2.12,11,3.53,2.18,17,3.64,1.8,11,3.12,2.9,8,5.91,2.74,11,4.73,2.97,11,3.83,2.38,18,2.3,1.16,10,3.46,1.98,13,3.33,3.01,6,5.21,3.19,14,5.5,2.33,8,3.25,2.27,16,3.33,2.06,12
"111",9112,"planet",6.27,1.58,22,4.35,2.6,20,6.11,2.51,19,6.54,1.81,13,5.89,1.17,9,6.57,1.81,7,3.15,2.15,13,6.43,2.15,7,5.92,2.78,12,6.08,1.68,12,6.5,1.51,10,5,2.55,9,3.82,2.64,11,6.2,2.57,10,6,2.6,9,6.25,1.42,12,6.3,1.83,10,5.43,1.72,7,3.77,2.86,13,7.57,2.15,7,5.25,2.38,12
"112",899,"banzai",5.65,2.18,20,4.73,2.25,22,5.71,1.85,21,5.44,2.13,9,5.82,2.32,11,5.3,3.02,10,4.25,1.29,12,5.88,1.64,8,5.62,2.02,13,5.79,1.89,14,5.33,2.94,6,4.62,3.11,8,4.79,1.72,14,6,1.51,8,5.54,2.07,13,6.1,1.73,10,5.2,2.57,10,4.58,2.23,12,4.9,2.38,10,5.58,2.15,12,5.89,1.45,9
"113",5569,"handheld",6.26,1.18,23,3.61,1.83,23,6.14,1.65,21,6.09,0.83,11,6.42,1.44,12,3.91,2.12,11,3.33,1.56,12,5.25,1.67,8,6.69,1.44,13,6.4,1.18,15,6,1.2,8,4.11,2.47,9,3.29,1.27,14,6.25,1.67,8,6.08,1.71,13,6.5,1.31,12,6,1,11,4,1.96,13,3.1,1.6,10,6.25,1.71,12,6,1.66,9
"114",1629,"bury",1.95,1.21,22,5.55,2.09,20,4.79,2.84,19,2.15,1.14,13,1.67,1.32,9,5.29,1.38,7,5.69,2.43,13,5.71,2.29,7,4.25,3.08,12,2.17,1.19,12,1.7,1.25,10,5.11,1.76,9,5.91,2.34,11,4.9,2.64,10,4.67,3.2,9,1.83,0.83,12,2.1,1.6,10,4.71,1.11,7,6,2.38,13,5.14,3.08,7,4.58,2.81,12
"115",12176,"sweater",6.19,1.57,21,2.8,2.04,20,5.95,2.27,19,6,1.67,6,6.27,1.58,15,3.25,2.43,8,2.5,1.78,12,6.08,2.15,12,5.71,2.63,7,6.44,1.81,9,6,1.41,12,2.89,2.26,9,2.73,1.95,11,5.86,2.54,7,6,2.22,12,6.4,1.78,10,6,1.41,11,2.46,1.76,13,3.43,2.51,7,5,2.54,10,7,1.41,9
"116",4877,"fornicate",4.67,2.33,21,5.43,2.29,23,5.62,2.16,26,4.73,2.33,11,4.6,2.46,10,5.64,2.66,11,5.25,2.01,12,5.64,1.8,11,5.57,2.53,14,4.4,2.55,10,4.91,2.21,11,4.73,2.49,11,6.08,1.98,12,5.29,2.34,17,6.25,1.83,8,4.08,2.56,13,5.62,1.6,8,6.07,1.83,15,4.25,2.71,8,5.76,2.54,17,5.33,1.22,9
"117",4241,"euphoria",7.26,1.59,19,5.68,2.75,22,6.73,1.8,22,7.44,1.67,9,7.1,1.6,10,6.25,2.12,8,5.36,3.08,14,7.36,1.21,11,6.09,2.12,11,6.86,1.68,7,7.5,1.57,12,6.3,1.64,10,5.17,3.41,12,6.31,2.06,13,7.33,1.22,9,6.7,1.49,10,7.89,1.54,9,5.62,3.02,8,5.71,2.7,14,7.29,1.2,14,5.75,2.31,8
"118",1559,"buff",6.21,1.81,19,4.59,2.5,22,5.39,2.46,23,6.64,1.57,11,5.57,2.23,7,4.75,2.25,8,4.5,2.71,14,4.43,2.7,7,5.81,2.32,16,5.5,1.6,8,6.73,1.85,11,5,3.12,9,4.31,2.06,13,5.27,2.57,11,5.5,2.47,12,6,2.09,12,6.57,1.27,7,4.27,2.65,11,4.91,2.43,11,5.15,2.88,13,5.7,1.89,10
"119",3229,"delayed",3.05,1.39,19,4.05,2.25,43,3.27,1.67,22,3,1,3,2.87,1.3,15,3.75,2.08,16,4.22,2.36,27,3.6,1.51,10,3,1.81,12,3.17,1.47,6,2.75,1.14,12,4.09,2.41,23,4,2.1,20,2.91,1.51,11,3.64,1.8,11,2.92,1.44,12,3.29,1.38,7,4.31,2.19,26,3.65,2.34,17,3,1.73,11,3.55,1.63,11
"120",8906,"perform",6.48,1.75,21,5.15,2.78,20,5.82,2.58,22,6.83,1.47,6,6.33,1.88,15,5.5,2.98,8,4.92,2.75,12,6.17,2.29,12,5.4,2.95,10,7,1.41,9,6.08,1.93,12,5.44,2.6,9,4.91,3.02,11,4.86,3.02,7,6.27,2.31,15,6.2,2.2,10,6.73,1.27,11,4.85,2.61,13,5.71,3.2,7,6.08,2.94,12,5.5,2.17,10
"121",5576,"handmade",7.11,1.85,19,3.62,2.2,21,6.36,2.1,25,6.75,3.2,4,7.2,1.47,15,4.25,2.63,4,3.47,2.15,17,6.11,2.03,9,6.5,2.19,16,7.5,1.41,8,6.82,2.14,11,3.3,2,10,3.91,2.43,11,5.64,2.27,14,7.27,1.49,11,7.45,1.69,11,6.62,2.07,8,2.9,2.08,10,4.27,2.2,11,6.33,2.06,18,6.43,2.37,7
"122",3614,"disposal",4,1.92,21,4.42,2.29,19,4.1,2.32,21,4.5,1.52,6,3.8,2.08,15,4.14,2.54,7,4.58,2.23,12,4.18,2.23,11,4,2.54,10,4,1.79,6,4,2.04,15,5,2.67,10,3.78,1.72,9,3.93,2.5,14,4.43,2.07,7,4.29,1.8,7,3.86,2.03,14,4.5,2.65,14,4.2,0.84,5,3.42,2.19,12,5,2.29,9
"123",5412,"grit",4.55,1.79,20,4.22,2.29,18,6.38,2.18,24,4.4,2.3,5,4.6,1.68,15,5,2.65,5,3.92,2.18,13,6.15,2.41,13,6.64,1.96,11,4.9,1.6,10,4.2,1.99,10,5.14,2.19,7,3.64,2.25,11,5.94,2.11,16,7.25,2.19,8,4.21,1.67,14,5.33,1.97,6,4.75,2.18,12,3.17,2.32,6,6.4,2.35,15,6.33,2,9
"124",7100,"likelihood",5.74,1.33,19,2.9,1.71,20,5.59,1.4,22,5.86,1.07,7,5.67,1.5,12,3.44,1.81,9,2.45,1.57,11,6.5,1.52,6,5.25,1.24,16,5.6,1.65,10,6,0.93,8,3.25,1.83,8,2.67,1.67,12,5.53,1.36,15,5.71,1.6,7,5.73,1.56,11,5.75,1.04,8,3.17,1.75,12,2.5,1.69,8,5.73,1.56,11,5.45,1.29,11
"125",1687,"calamity",3.95,2.16,20,5.19,2.91,21,4.54,2.34,26,5.29,2.69,7,3.23,1.48,13,5.11,2.42,9,5.25,3.33,12,4.4,2.13,15,4.9,2.77,10,4.09,1.97,11,3.78,2.49,9,6.38,2.2,8,4.46,3.13,13,5.44,2.42,16,3.11,1.36,9,4.15,2.44,13,3.57,1.62,7,4.6,3.14,15,6.67,1.63,6,4.75,2.63,12,4.36,2.13,14
"126",1424,"bracket",4.63,1.07,19,3.15,1.9,20,5.05,2.26,20,5,0,3,4.56,1.15,16,4,2,5,2.87,1.85,15,5.67,2.34,6,4.79,2.26,14,4.8,1.14,10,4.44,1.01,9,2.57,1.72,7,3.46,1.98,13,5,2.71,10,5.1,1.85,10,4.88,0.35,8,4.45,1.37,11,2.89,1.83,9,3.36,2.01,11,5.75,3.33,8,4.58,1.08,12
"127",2271,"cockamamie",4.14,1.93,21,4.04,1.89,23,4.56,1.85,25,4.82,2.09,11,3.4,1.51,10,4.18,1.99,11,3.92,1.88,12,4.55,1.97,11,4.54,1.9,13,4.4,1.78,10,3.91,2.12,11,4.09,2.21,11,4,1.65,12,5.06,1.84,16,3.5,1.6,8,4.23,1.96,13,4,2,8,3.53,1.6,15,5,2.14,8,4.76,1.71,17,4.12,2.17,8
"128",628,"ascend",6.19,1.5,21,4.13,2.53,23,5.58,2.06,26,6,1.41,11,6.4,1.65,10,4.36,2.66,11,3.92,2.5,12,6,2.28,11,5.29,1.98,14,6.6,1.78,10,5.82,1.17,11,5,2.83,11,3.33,2.02,12,5.35,2.26,17,6.12,1.73,8,6.62,1.71,13,5.5,0.76,8,4.13,2.5,15,4.12,2.75,8,5.47,2.07,17,5.78,2.17,9
"129",11808,"stepdaughter",5.47,1.74,19,3.55,2.39,20,4.88,2.01,24,5.15,1.82,13,6.17,1.47,6,4,2.55,5,3.4,2.41,15,4.92,2.14,13,4.82,1.94,11,4.89,1.69,9,6,1.7,10,4,2.83,7,3.31,2.21,13,5,1.61,11,4.77,2.35,13,6.33,1.58,9,4.7,1.57,10,2.8,2.3,10,4.3,2.36,10,4.56,2.83,9,5.07,1.39,15
"130",1703,"camaraderie",5.85,2.01,20,4.09,2.16,22,6.32,2.14,19,5.78,2.22,9,5.91,1.92,11,2.6,2.07,5,4.62,2.06,16,6.17,3.13,6,6.38,1.66,13,5.71,1.9,14,6.17,2.4,6,3.92,2.35,12,4.44,2.07,9,5.11,1.96,9,7.4,1.71,10,5.2,1.87,10,6.5,2.01,10,3.25,1.96,12,5.1,2.02,10,6.83,2.14,6,6.08,2.18,13
"131",12076,"sunken",4.42,1.5,19,3.95,2.31,20,4,2.19,24,4.54,1.33,13,4.17,1.94,6,4.8,1.64,5,3.67,2.47,15,3.77,2.01,13,4.27,2.45,11,5.11,1.54,9,3.8,1.23,10,5,2.16,7,3.38,2.26,13,4.09,2.07,11,3.92,2.36,13,4.44,1.67,9,4.4,1.43,10,3.5,1.58,10,4.4,2.88,10,3.78,2.28,9,4.13,2.2,15
"132",3752,"doubtful",3.86,1.62,21,4.55,2.13,22,4.23,2.43,22,3.38,1.69,8,4.15,1.57,13,4.73,2.53,11,4.36,1.75,11,5.31,2.53,13,2.67,1.12,9,3.25,1.67,8,4.42,1.44,12,5.23,1.88,13,3.56,2.19,9,4.58,2.47,12,3.8,2.44,10,3.8,1.87,10,3.91,1.45,11,4.25,2.29,16,5.33,1.51,6,4.5,2.8,10,4,2.17,12
"133",11781,"statutory",4.37,2.24,19,5,1.87,21,4.32,2.01,22,4,1,5,4.38,2.63,13,4.83,0.98,6,5.07,2.15,15,4.7,1.83,10,4,2.17,12,4.14,2.48,7,4.36,2.25,11,4.14,2.27,7,5.43,1.55,14,4.36,1.91,11,4.27,2.2,11,4.5,2.28,12,4.14,2.34,7,4.64,1.75,11,5.4,2.01,10,3.85,2.12,13,5,1.73,9
"134",201,"aerobics",6,1.11,19,5.1,2.17,21,5.7,2.4,23,6,1.73,3,6,1.03,16,5.62,1.92,8,4.77,2.31,13,5.11,2.85,9,6.07,2.09,14,6.11,1.27,9,5.9,0.99,10,5.44,1.67,9,4.83,2.52,12,5.53,2.88,15,6,1.2,8,5.57,1.13,7,6.25,1.06,12,5.5,1.58,10,4.73,2.61,11,5.23,2.86,13,6.3,1.57,10
"135",3330,"desecration",2.94,1.71,17,5.1,2.77,20,3.84,1.77,25,3.75,1.5,4,2.69,1.75,13,5.36,3.01,11,4.78,2.59,9,4.25,1.73,16,3.11,1.69,9,3.17,2.04,6,2.82,1.6,11,4.11,2.89,9,5.91,2.51,11,3.8,1.88,20,4,1.41,5,3.33,1.73,9,2.5,1.69,8,5.45,2.73,11,4.67,2.92,9,4.11,1.7,19,3,1.9,6
"136",9352,"precipice",4.58,1.95,19,4.14,2.2,21,3.79,1.93,19,3.33,0.58,3,4.81,2.04,16,3.83,1.72,6,4.27,2.4,15,4.5,2.17,6,3.46,1.81,13,4.6,1.65,10,4.56,2.35,9,4.57,2.64,7,3.93,2.02,14,4.22,2.17,9,3.4,1.71,10,4.12,2.03,8,4.91,1.92,11,3.33,1.8,9,4.75,2.34,12,4.57,2.23,7,3.33,1.67,12
"137",5380,"great grandpa",7.1,1.74,20,3.67,2.44,21,5.36,2.36,25,6.75,1.76,12,7.62,1.69,8,3.71,2.75,7,3.64,2.37,14,5.5,2.68,10,5.27,2.22,15,7.33,2.08,3,7.06,1.75,17,4,2.58,10,3.36,2.38,11,5.71,2.14,7,5.22,2.49,18,7.64,1.5,11,6.44,1.88,9,4.31,2.32,13,2.62,2.39,8,5.89,2.09,9,5.06,2.52,16
"138",3506,"disabled",2.7,1.15,23,3.71,2.05,21,4.52,3.07,25,2.6,1.14,5,2.72,1.18,18,2.71,1.11,7,4.23,2.35,13,4.75,3.15,8,4.41,3.12,17,2.38,0.92,8,2.87,1.25,15,3.57,1.9,7,3.77,2.28,13,5.14,3.08,14,3.73,3,11,2.91,1.04,11,2.5,1.24,12,4.09,1.92,11,3.3,2.21,10,4.5,3.28,18,4.57,2.7,7
"139",9440,"priestess",5.42,1.68,19,3.35,2.11,20,5.3,2.13,20,5.62,1.76,13,5,1.55,6,4.2,2.17,5,3.07,2.09,15,4.89,2.09,9,5.64,2.2,11,5.89,1.62,9,5,1.7,10,3,1.91,7,3.54,2.26,13,4.56,2.19,9,5.91,1.97,11,5.67,1.66,9,5.2,1.75,10,3.6,2.27,10,3.1,2.02,10,6.14,2.79,7,4.85,1.63,13
"140",592,"army",4.65,2.03,20,4.49,2.63,43,4.65,2.67,37,5.4,1.52,5,4.4,2.16,15,4.3,2.75,10,4.56,2.68,32,4.47,2.67,17,4.8,2.73,20,5.4,1.26,10,3.9,2.42,10,5.13,2.75,15,4.14,2.55,28,4.53,2.8,15,4.73,2.64,22,4.42,2.11,12,5,2,8,3.95,2.68,19,4.92,2.57,24,4.36,2.95,14,4.83,2.53,23
"141",5647,"hay",5.41,1.55,39,2.43,1.83,21,4.75,2.51,20,5.36,1.45,14,5.58,1.5,24,2.83,2.14,6,2.27,1.75,15,5.17,1.83,6,4.57,2.79,14,5.75,1.44,16,5.32,1.49,22,1.71,0.95,7,2.79,2.08,14,4.7,2.79,10,4.8,2.35,10,5.17,1.67,23,5.75,1.34,16,1.56,0.88,9,3.08,2.11,12,5.38,3.02,8,4.33,2.15,12
"142",1285,"boa",3.63,2.36,19,5.23,2.84,22,3.61,2.02,28,4.83,1.17,6,3.08,2.6,13,5.55,2.62,11,4.91,3.14,11,3.73,2.53,11,3.53,1.7,17,4.27,2.33,11,2.75,2.25,8,4.55,2.62,11,5.91,3.02,11,3.5,2.07,18,3.8,2.04,10,4.38,2.18,13,2,2,6,4.93,2.84,14,5.75,2.96,8,3.75,2.27,16,3.42,1.73,12
"143",9007,"physician",5.24,1.64,21,3.96,2.36,23,5.23,2.14,26,5.18,1.4,11,5.3,1.95,10,3.82,2.6,11,4.08,2.23,12,5.73,2.65,11,4.86,1.75,14,5.9,1.1,10,4.64,1.86,11,4,2.72,11,3.92,2.11,12,5.29,2.49,17,5.12,1.46,8,5.46,1.61,13,4.88,1.73,8,3.67,2.41,15,4.5,2.33,8,5.12,2.42,17,5.44,1.59,9
"144",320,"alloy",5.2,1.85,20,3.32,2.06,22,5.9,1.64,21,5.78,1.48,9,4.73,2.05,11,3.4,2.37,10,3.25,1.86,12,5.25,1.04,8,6.31,1.84,13,5.5,1.45,14,4.5,2.59,6,2.88,2.1,8,3.57,2.06,14,6.12,1.55,8,5.77,1.74,13,5.4,1.65,10,5,2.11,10,3.58,1.83,12,3,2.36,10,6,1.41,12,5.78,1.99,9
"145",9897,"react",5.15,1.57,20,5.48,1.99,21,6.12,2.48,34,5.7,1.42,10,4.6,1.58,10,5.75,1.67,8,5.31,2.21,13,6.86,2.41,14,5.6,2.46,20,4.89,1.83,9,5.36,1.36,11,5.69,2.06,13,5.12,1.96,8,5.91,2.76,22,6.5,1.93,12,4.8,1.87,10,5.5,1.18,10,5.86,2.07,14,4.71,1.7,7,6,2.32,17,6.24,2.7,17
"146",5512,"guy",6.55,1.34,22,4.71,2.28,21,5.12,1.76,17,6,1.67,6,6.87,1.13,15,3.71,2.21,7,5.21,2.22,14,5.25,1.98,8,5.12,1.73,8,6.57,1.28,14,6.71,1.5,7,4.22,2.39,9,5.08,2.23,12,5,2.12,9,5.25,1.39,8,6.36,1.34,14,6.88,1.36,8,5.33,2.88,6,4.47,2.07,15,5,2.12,9,5.25,1.39,8
"147",5439,"grovel",3.3,1.22,20,3.65,2.06,20,3.45,1.9,22,3.43,1.13,7,3.23,1.3,13,4,2.18,9,3.36,2.01,11,4.33,2.66,6,3.12,1.5,16,3.3,1.42,10,3.44,1.01,9,3,2.07,8,4.08,2.02,12,3.73,1.98,15,2.86,1.68,7,3,1.41,11,3.67,0.87,9,3.67,2.06,12,3.62,2.2,8,4,2.28,11,2.91,1.3,11
"148",12721,"traitorous",2.32,1.11,19,5.25,2.71,20,4.5,2.65,20,2,1,3,2.47,1.13,15,4.6,2.88,10,5.9,2.51,10,4.7,2.41,10,4.3,2.98,10,2.33,1.21,6,2.42,1.08,12,5,3.21,7,5.38,2.53,13,4.62,2.2,8,4.42,3,12,2.33,1.3,12,2.29,0.76,7,5,2.98,10,5.5,2.55,10,5,3.04,9,4.09,2.34,11
"149",2910,"crime",1.95,1.13,19,5.68,2.62,44,3.31,1.98,42,3.33,1.53,3,1.69,0.87,16,5.43,2.73,21,5.91,2.56,23,3.55,1.97,22,2.84,1.83,19,2,1.41,10,1.89,0.78,9,4.82,2.52,22,6.55,2.48,22,3.35,2.04,26,3.25,1.95,16,2.5,1.41,8,1.55,0.69,11,6,2.59,24,5.3,2.68,20,3.29,1.96,34,3.38,2.2,8
"150",8067,"nap",6.53,1.95,19,4.14,2.41,21,5.91,2.61,23,6.18,2.09,11,6.71,1.7,7,4.14,2.73,7,4.14,2.35,14,5.86,2.41,7,5.94,2.77,16,6,2.51,8,6.91,1.45,11,4.88,2.36,8,3.69,2.43,13,6.73,2.15,11,5.17,2.86,12,6.42,2.23,12,6.71,1.5,7,4.64,2.34,11,3.6,2.5,10,6.08,2.33,13,5.7,3.06,10
"151",4911,"fragment",4.59,1.18,22,3.55,1.93,20,4.8,2.33,20,4.5,1.4,14,4.75,0.71,8,4.09,2.02,11,2.88,1.81,8,4.83,2.64,6,4.79,2.29,14,4.5,1.58,10,4.67,0.78,12,3.1,2.23,10,4,1.56,10,5.31,2.46,13,3.86,1.86,7,4.58,1.38,12,4.6,0.97,10,3.38,1.8,13,3.86,2.27,7,5.17,2.33,12,4.25,2.38,8
"152",310,"allergic",3,1.86,20,5.4,2.44,20,3.81,2.43,26,2.91,1.7,11,3.11,2.15,9,6.29,2.29,7,4.92,2.47,13,4.23,2.55,13,3.38,2.33,13,2.55,1.21,11,3.56,2.4,9,5.09,2.84,11,5.78,1.92,9,4.53,2.62,17,2.44,1.24,9,2.8,2.2,10,3.2,1.55,10,5.5,2.91,12,5.25,1.67,8,4.25,2.59,16,3.1,2.08,10
"153",1235,"blizzard",4.36,2.44,22,6.53,2.25,19,3.65,2.23,20,4.6,2.88,5,4.12,2.36,16,6.75,2.38,8,6.36,2.25,11,4.11,1.54,9,3.27,2.69,11,4.33,1.83,12,4.4,3.13,10,6.5,2.01,10,6.56,2.6,9,3.5,2.39,12,3.88,2.1,8,4.73,2.8,11,4,2.1,11,5.38,2.26,8,7.36,1.91,11,3.56,1.74,9,3.73,2.65,11
"154",1718,"can opener",5.52,1.21,21,3.37,2.5,19,5.78,2.21,32,5.75,1.28,8,5.38,1.19,13,3.2,1.79,5,3.43,2.77,14,5.55,2.16,11,5.9,2.28,21,5.69,1.38,13,5.25,0.89,8,3.27,2.69,11,3.5,2.39,8,5.68,2.36,19,5.92,2.06,13,5.64,1.36,11,5.4,1.07,10,3.73,3,11,2.88,1.64,8,5.8,2.31,20,5.75,2.14,12
"155",11105,"shower",7.19,1.57,21,4.15,2.72,20,7.47,1.68,19,6.69,1.65,13,8,1.07,8,5,3.11,7,3.69,2.5,13,6.86,1.95,7,7.83,1.47,12,7,1.65,12,7.44,1.51,9,4.44,3.05,9,3.91,2.55,11,6.9,1.97,10,8.11,1.05,9,7.25,1.71,12,7.11,1.45,9,6.29,2.29,7,3,2.24,13,7.57,1.81,7,7.42,1.68,12
"156",11375,"snafu",4.6,1.93,20,4.36,2.5,22,4.41,2.45,27,5.43,2.3,7,4.15,1.63,13,4.5,2.46,10,4.25,2.63,12,4.47,2.8,15,4.18,2.09,11,4.82,1.78,11,4.33,2.18,9,4.67,2.45,9,4.15,2.61,13,4.65,2.74,17,3.78,1.92,9,5.08,1.93,13,3.71,1.7,7,4.12,2.6,16,5,2.28,6,4.17,2.44,12,4.6,2.53,15
"157",131,"address",6.11,1.64,18,3.05,2.06,20,4.89,2.05,18,5.75,2.05,8,6.4,1.26,10,3.29,2.21,7,2.92,2.06,13,4.55,2.02,11,5.43,2.15,7,5.91,1.81,11,6.43,1.4,7,3.11,2.09,9,3,2.14,11,5.45,2.11,11,4,1.73,7,5.92,1.73,12,6.5,1.52,6,3,2.13,12,3.12,2.1,8,5,2.4,9,4.78,1.79,9
"158",3051,"cystic",3.19,1.6,21,3.55,2.32,22,4.26,2.21,27,3.6,1.84,10,2.82,1.33,11,2.86,2.48,7,3.87,2.26,15,4.24,2.19,17,4.3,2.36,10,3.64,1.63,11,2.7,1.49,10,2.6,2.19,5,3.82,2.35,17,4.5,2.5,14,4,1.91,13,3.23,1.79,13,3.12,1.36,8,3,2.67,10,4,2,12,4.64,2.65,14,3.85,1.63,13
"159",10447,"roasted",5.6,1.7,20,4,2.3,24,5.29,2.02,28,5.75,1.16,8,5.5,2.02,12,3.33,2.24,9,4.4,2.32,15,4.79,1.89,14,5.79,2.08,14,4.89,1.83,9,6.18,1.4,11,3.25,2.22,12,4.75,2.22,12,5.29,2.05,14,5.29,2.05,14,5.3,1.57,10,5.9,1.85,10,4.17,2.59,12,3.83,2.08,12,5.17,1.8,12,5.38,2.22,16
"160",6504,"intercede",5.24,1.51,21,4.04,1.87,23,5.38,2.13,21,4.8,1.64,5,5.38,1.5,16,4.58,1.56,12,3.45,2.07,11,5.64,2.5,11,4.78,1.48,9,5.17,1.9,12,5.33,0.87,9,4.44,1.79,16,3.14,1.86,7,4.82,1.94,11,6,2.26,10,5.46,1.56,13,4.88,1.46,8,4.11,1.91,19,3.75,1.89,4,5,2.25,14,6.14,1.77,7
"161",5937,"host",5.7,1.42,20,3.21,2.41,24,5.75,2.9,20,6,1.07,8,5.5,1.62,12,5,2.1,6,2.61,2.25,18,5.91,2.91,11,5.56,3.05,9,5.36,1.43,11,6.11,1.36,9,3.7,2.95,10,2.86,1.99,14,5.62,3.01,13,6,2.89,7,5.69,1.49,13,5.71,1.38,7,3.94,2.49,16,1.75,1.49,8,6.5,2.81,12,4.62,2.83,8
"162",6462,"instant",5.84,1.17,19,4.33,2.24,21,6.22,1.57,23,6.2,1.64,5,5.77,1.01,13,4.83,2.4,6,4.13,2.23,15,6.4,1.51,10,6.08,1.66,13,6.14,1.57,7,5.73,0.9,11,4.71,2.69,7,4.14,2.07,14,5.82,1.25,11,6.58,1.78,12,5.75,1.42,12,6,0.58,7,4,2.24,11,4.7,2.31,10,6.14,1.35,14,6.33,1.94,9
"163",11875,"storefront",5.76,1.84,21,3,1.98,23,5.22,2.29,18,6.33,1.73,9,5.33,1.87,12,3.18,1.72,11,2.83,2.25,12,5.1,2.28,10,5.38,2.45,8,5.57,2.3,7,5.77,1.69,13,3,1.84,11,3,2.17,12,5.14,2.54,7,5.27,2.24,11,5.77,1.92,13,5.75,1.83,8,3,2.19,11,3,1.86,12,4.89,1.76,9,5.56,2.79,9
"164",6512,"interesting",6.78,2.07,18,5.1,2.55,21,6.83,1.54,18,5.88,1.81,8,7.5,2.07,10,4.43,2.3,7,5.43,2.68,14,6.64,1.43,11,7.14,1.77,7,6.45,1.81,11,7.29,2.5,7,4.89,2.89,9,5.25,2.38,12,6.73,1.49,11,7,1.73,7,6.17,2.21,12,8,1.1,6,4.92,2.68,12,5.33,2.5,9,7.44,1.51,9,6.22,1.39,9
"165",7026,"length",5.21,1.36,19,3.41,2.13,22,5.67,2.22,27,5.43,2.15,7,5.08,0.67,12,4.3,2.06,10,2.67,1.97,12,5.93,1.75,15,5.45,2.84,11,5,1.05,10,5.44,1.67,9,4,1.87,9,3,2.27,13,6,2.65,17,5.22,1.09,9,5.42,1.51,12,4.86,1.07,7,3.31,2.3,16,3.67,1.75,6,5.75,2.26,12,5.6,2.26,15
"166",6486,"integral",5.19,2.04,21,3.65,2.42,23,6.11,2.19,18,6.44,1.94,9,4.25,1.6,12,4.36,2.58,11,3,2.17,12,6.2,2.39,10,6,2.07,8,5,2.16,7,5.31,2.14,13,4.64,2.54,11,2.75,2.01,12,6.29,2.56,7,6,2.05,11,4.85,2.3,13,5.75,1.49,8,3.36,2.38,11,3.92,2.54,12,5.33,2.45,9,6.89,1.69,9
"167",11542,"sparkle",7.1,1.21,20,4.74,2.47,19,5.64,2.17,22,6.71,0.76,7,7.31,1.38,13,4.75,2.25,8,4.73,2.72,11,5.5,3.08,6,5.69,1.85,16,6.8,1.32,10,7.56,1.01,9,5,2.83,8,4.55,2.3,11,5.4,2.26,15,6.14,2.04,7,7.27,1.01,11,6.89,1.45,9,5.27,2.65,11,4,2.14,8,5.55,2.66,11,5.73,1.68,11
"168",1872,"cayenne",5.55,1.99,20,3.8,2.35,25,4.95,2.01,19,5.38,1.41,8,5.67,2.35,12,3.67,2.66,6,3.94,2.34,18,4.29,1.5,7,5.33,2.23,12,5.47,1.55,15,5.8,3.19,5,3.64,2.37,14,4.2,2.44,10,5.33,2.24,9,4.6,1.84,10,5.82,2.4,11,5.22,1.39,9,3.94,2.54,16,3.56,2.07,9,5.09,1.76,11,4.75,2.43,8
"169",13206,"untie",4.95,1.15,20,2.8,1.82,20,5.18,1.71,22,5.86,1.21,7,4.46,0.78,13,3.56,2.07,9,2.18,1.4,11,4.17,1.94,6,5.56,1.5,16,4.9,1.29,10,5,1.12,9,3,1.77,8,2.67,1.92,12,5.13,1.81,15,5.29,1.6,7,4.73,1.01,11,5.22,1.3,9,2.83,1.75,12,2.75,2.05,8,5.09,2.02,11,5.27,1.42,11
"170",7622,"mentality",4.76,1.34,21,4.62,2.04,21,6.24,2.13,25,5,0.95,12,4.44,1.74,9,5.86,1.95,7,4,1.84,14,5.9,2.56,10,6.47,1.85,15,4.5,1,4,4.82,1.42,17,4.7,2.21,10,4.55,1.97,11,6.57,2.37,7,6.11,2.08,18,4.67,1.44,12,4.89,1.27,9,4.69,1.97,13,4.5,2.27,8,6.33,2.29,9,6.19,2.1,16
"171",13248,"upscale",5.45,1.43,20,3.82,1.68,22,6.16,2.06,19,5.89,1.62,9,5.09,1.22,11,3.2,2.28,5,4.06,1.53,16,5.83,2.32,6,6.31,2.02,13,5.43,1.28,14,5.5,1.87,6,3.83,1.53,12,3.89,2.03,9,6.11,1.54,9,6.2,2.53,10,5.2,1.03,10,5.7,1.77,10,3.5,1.78,12,4.2,1.55,10,6.33,2.5,6,6.08,1.93,13
"172",9373,"prehistoric",5.68,1.29,19,4.55,2.28,20,4.5,2.41,22,5.2,0.84,5,6,1.35,13,4.5,3.02,6,4.57,2.03,14,5,2.65,9,4.15,2.27,13,5.29,0.76,7,6.09,1.45,11,5.17,3.06,6,4.29,1.94,14,5.5,2.32,10,3.67,2.23,12,5.5,1.24,12,6,1.41,7,5.45,2.34,11,3.44,1.74,9,4.14,2.54,14,5.12,2.17,8
"173",7794,"miter",4.53,1.35,19,3.05,1.8,21,4.4,1.76,20,4,1.73,3,4.62,1.31,16,2.83,1.33,6,3.13,2,15,4.17,2.04,6,4.5,1.7,14,4.7,0.82,10,4.33,1.8,9,2.86,1.95,7,3.14,1.79,14,4,1.94,10,4.8,1.55,10,4.5,1.31,8,4.55,1.44,11,2.89,1.96,9,3.17,1.75,12,4.12,2.03,8,4.58,1.62,12
"174",11379,"snakeskin",4.41,1.89,22,4.71,2.59,21,4.14,1.83,22,4.43,1.79,14,4.38,2.2,8,4.82,2.36,11,4.89,2.98,9,3.83,1.72,6,4.25,1.91,16,4.3,1.42,10,4.5,2.28,12,4.09,2.47,11,5.4,2.67,10,4.31,2.06,13,3.89,1.54,9,4.58,1.44,12,4.2,2.39,10,4.92,2.96,13,4.38,2,8,4.75,1.54,12,3.4,1.96,10
"175",13618,"web",5.68,1.67,19,4.14,2.83,22,3.96,1.95,28,5.33,0.52,6,5.85,1.99,13,4,2.79,11,4.27,3,11,3.55,2.38,11,4.24,1.64,17,5.91,1.64,11,5.38,1.77,8,2.91,1.58,11,5.36,3.32,11,3.89,2.03,18,4.1,1.91,10,5.77,1.69,13,5.5,1.76,6,4.29,2.92,14,3.88,2.85,8,3.81,2.2,16,4.17,1.64,12
"176",1071,"beneficial",6.61,1.73,23,4.18,1.99,22,6.3,2.52,20,7.75,1.04,8,6,1.73,15,4.5,1.9,10,3.92,2.11,12,6.57,2.64,7,6.15,2.54,13,6.83,1.95,12,6.36,1.5,11,4.45,2.34,11,3.91,1.64,11,5.73,2.58,15,8,1.41,5,6.55,1.69,11,6.67,1.83,12,4.9,2.08,10,3.58,1.78,12,5.6,2.12,10,7,2.79,10
"177",3441,"dictionary",6.05,2.04,20,2.91,1.95,23,5.88,2.55,17,6.38,2.13,8,5.83,2.04,12,3.45,2.07,11,2.42,1.78,12,5.89,2.2,9,5.88,3.04,8,5.71,2.36,7,6,1.81,12,3.27,2.41,11,2.58,1.44,12,5.14,2.97,7,6.4,2.22,10,6,1.96,13,6.14,2.34,7,2.55,1.75,11,3.25,2.14,12,5,2.88,8,6.67,2.06,9
"178",11329,"sludge",2.95,1.23,20,4.38,2.27,21,4.33,2.48,33,2.5,0.85,10,3.4,1.43,10,4.5,1.69,8,4.31,2.63,13,4.21,2.42,14,4.42,2.59,19,2.78,1.48,9,3.09,1.04,11,4.23,1.83,13,4.62,2.97,8,4.36,2.56,22,4.27,2.45,11,2.7,1.42,10,3.2,1.03,10,5.07,2.02,14,3,2.24,7,4.94,2.41,17,3.69,2.47,16
"179",5064,"gallows",3.05,1.68,19,5.05,2.25,21,4.48,2.48,23,4,1,3,2.88,1.75,16,4.88,1.96,8,5.15,2.48,13,4.44,2.13,9,4.5,2.77,14,2.67,1.87,9,3.4,1.51,10,5.11,1.69,9,5,2.66,12,4.87,2.83,15,3.75,1.58,8,3,1.91,7,3.08,1.62,12,5.4,1.96,10,4.73,2.53,11,4.92,3.09,13,3.9,1.29,10
"180",478,"antiques",6.63,2.29,19,3.68,2.71,22,5.17,1.72,18,5.56,2.6,9,7.6,1.51,10,2.43,1.62,7,4.43,3.01,14,5.4,1.84,10,4.88,1.64,8,6.78,2.54,9,6.5,2.17,10,3.5,3.17,10,4,2.45,11,5.38,0.92,8,4.56,1.81,9,7.08,2.11,12,5.86,2.54,7,3.8,2.82,20,2.5,0.71,2,5.88,1.55,8,4.6,1.71,10
"181",1735,"canker",2.58,1.3,19,4.25,2.47,20,4.54,2.23,24,2.92,1.38,13,1.83,0.75,6,4,3.32,5,4.33,2.26,15,5.15,2.23,13,3.82,2.09,11,2.89,1.45,9,2.3,1.16,10,4.57,3.21,7,4.08,2.1,13,4.45,2.16,11,4.62,2.36,13,2.67,1,9,2.5,1.58,10,3.3,2.75,10,5.2,1.81,10,4.78,2.77,9,4.4,1.92,15
"182",5947,"hothead",3.89,2.05,19,4.41,2.44,22,4.83,2.82,23,3.09,1.58,11,5,2.38,7,5.75,2.55,8,3.64,2.1,14,6.57,2.94,7,4.06,2.49,16,3.88,1.73,8,3.91,2.34,11,4.11,2.32,9,4.62,2.6,13,6.18,2.4,11,3.58,2.68,12,4,2.41,12,3.71,1.38,7,4,2.65,11,4.82,2.27,11,5.38,2.84,13,4.1,2.77,10
"183",11841,"stingy",2.53,1.47,19,4.73,3.27,22,4.54,2.46,28,2.33,1.21,6,2.62,1.61,13,4.82,3.28,11,4.64,3.41,11,4.91,3.02,11,4.29,2.08,17,2.82,1.78,11,2.12,0.83,8,3.45,3.05,11,6,3.1,11,4.61,2.4,18,4.4,2.67,10,2.85,1.63,13,1.83,0.75,6,5,3.46,14,4.25,3.06,8,4.44,2.78,16,4.67,2.06,12
"184",5002,"fulfill",7.33,1.74,21,3.67,2.37,21,6.2,2.02,25,6.33,2.42,6,7.73,1.28,15,4,2.83,4,3.59,2.35,17,5.33,2.12,9,6.69,1.85,16,7.38,1.3,8,7.31,2.02,13,4.1,2.33,10,3.27,2.45,11,6,2.18,14,6.45,1.86,11,7.31,1.32,13,7.38,2.39,8,3.2,2.62,10,4.09,2.17,11,6.11,2.11,18,6.43,1.9,7
"185",4492,"fastball",5.7,1.69,20,6.1,2.34,20,5.42,1.88,26,5.55,1.69,11,5.89,1.76,9,6.57,2.3,7,5.85,2.41,13,4.85,1.52,13,6,2.08,13,5.64,2.16,11,5.78,0.97,9,5.45,2.5,11,6.89,1.96,9,5.35,2.12,17,5.56,1.42,9,6,1.83,10,5.4,1.58,10,5.75,2.56,12,6.62,2,8,5.5,2,16,5.3,1.77,10
"186",11892,"strand",5,1.8,22,3.27,1.98,22,5.15,2.37,20,5.38,1.51,8,4.79,1.97,14,3.2,2.15,10,3.33,1.92,12,6.14,3.02,7,4.62,1.85,13,5.09,2.21,11,4.91,1.38,11,3,1.84,11,3.55,2.16,11,5.47,2.59,15,4.2,1.3,5,4.3,1.42,10,5.58,1.93,12,3.7,1.7,10,2.92,2.19,12,5.5,1.51,10,4.8,3.05,10
"187",9957,"recital",4.7,1.75,20,4.2,2.5,20,5.23,1.63,26,4.82,2.18,11,4.56,1.13,9,5.43,1.9,7,3.54,2.6,13,5.08,1.19,13,5.38,2.02,13,4.27,1.49,11,5.22,1.99,9,4,2.61,11,4.44,2.51,9,5.24,1.75,17,5.22,1.48,9,3.9,1.73,10,5.5,1.43,10,4.33,2.81,12,4,2.14,8,5.06,1.65,16,5.5,1.65,10
"188",31,"absinthe",3.53,1.98,19,3.7,2.34,20,3.95,1.82,20,4.33,2.08,3,3.38,2,16,4.67,2.66,6,3.29,2.16,14,4.33,1.51,6,3.79,1.97,14,3.8,2.15,10,3.22,1.86,9,2.86,2.04,7,4.15,2.44,13,4.4,1.96,10,3.5,1.65,10,3,2,8,3.91,1.97,11,3.22,2.05,9,4.09,2.59,11,3.75,2.43,8,4.08,1.38,12
"189",8843,"pediatrician",6.95,1.63,21,4.29,2.56,24,5.32,2.3,22,7,1.6,8,6.92,1.71,13,4.62,2.79,13,3.91,2.34,11,5.77,2.59,13,4.67,1.73,9,7.62,1.85,8,6.5,1.45,12,4.79,2.08,14,3.6,3.1,10,5.92,2.39,12,4.6,2.07,10,6.5,1.65,10,7.36,1.57,11,3.65,2.55,17,5.86,1.95,7,5.7,2.58,10,5,2.09,12
"190",3654,"distribution",5.5,1.85,20,3.45,2.58,20,5.21,2.57,19,6,2.83,5,5.33,1.5,15,3.62,3.11,8,3.33,2.31,12,5.25,3.02,12,5.14,1.77,7,5.89,2.26,9,5.18,1.47,11,3.56,2.3,9,3.36,2.91,11,4.43,2.7,7,5.67,2.5,12,5.3,2.21,10,5.7,1.49,10,3.08,2.33,13,4.14,3.08,7,6.1,3.07,10,4.22,1.48,9
"191",6166,"implicate",4.48,1.17,21,4.35,2.31,23,4.38,2.13,21,4.6,1.82,5,4.44,0.96,16,5,2.26,12,3.64,2.25,11,4.64,2.01,11,3.56,1.67,9,4.25,1.06,12,4.78,1.3,9,4.12,2.06,16,4.86,2.91,7,4.55,1.44,11,4.2,2.78,10,4.62,1.19,13,4.25,1.16,8,4.37,2.39,19,4.25,2.22,4,3.71,1.94,14,5.71,1.98,7
"192",12068,"sumo",4.45,1.6,22,3.71,2.1,24,5.48,2.21,23,4.33,1.66,9,4.54,1.61,13,3.33,2.18,9,3.93,2.09,15,5,2.29,9,5.79,2.19,14,4.62,1.92,8,4.36,1.45,14,3.42,2.31,12,4,1.91,12,5.42,2.19,12,5.55,2.34,11,4.5,1.62,12,4.4,1.65,10,3.36,2.31,14,4.2,1.75,10,6.17,2.17,12,4.73,2.1,11
"193",1613,"bureaucracy",3.24,1.95,21,3.74,2.47,23,3.57,2.11,21,3.4,1.95,5,3.19,2.01,16,4.58,2.54,12,2.82,2.14,11,3.55,2.25,11,3.11,1.45,9,3.67,2.15,12,2.67,1.58,9,4.25,2.38,16,2.57,2.44,7,4.09,1.87,11,3,2.31,10,3.15,2.3,13,3.38,1.3,8,3.79,2.55,19,3.5,2.38,4,3.5,1.95,14,3.71,2.56,7
"194",10290,"restoration",5.8,1.67,20,3.76,1.89,21,6.26,1.88,34,5.9,1.29,10,5.7,2.06,10,3.88,1.73,8,3.69,2.06,13,6,2.04,14,6.45,1.79,20,5.67,1.41,9,5.91,1.92,11,3.85,1.68,13,3.62,2.33,8,6.18,1.87,22,6.42,1.98,12,6,1.7,10,5.6,1.71,10,3.71,1.9,14,3.86,2.04,7,6.12,1.5,17,6.41,2.24,17
"195",761,"automatic",6.05,1.84,22,3.7,2.45,20,5.27,2.23,22,5.93,2.2,14,6.25,1.04,8,4.5,2.42,10,3.11,2.37,9,5.83,1.17,6,5.06,2.52,16,5.7,2.36,10,6.33,1.3,12,3.73,2.33,11,3.67,2.74,9,6.15,1.34,13,4,2.69,9,6.17,1.75,12,5.9,2.02,10,4,2.74,13,3.14,1.86,7,4.58,2.31,12,6.1,1.91,10
"196",3965,"eggshell",5.2,1.7,20,3.17,2.09,18,4.33,2.39,24,4.8,1.48,5,5.33,1.8,15,4,2,5,2.85,2.12,13,4,2.31,13,4.73,2.53,11,5.7,1.57,10,4.7,1.77,10,4.29,1.8,7,2.45,2.02,11,4.31,2.21,16,4.38,2.88,8,4.79,1.58,14,6.17,1.72,6,3.5,1.98,12,2.5,2.35,6,3.93,2.58,15,5,2,9
"197",4113,"engine",5.48,1.74,42,3.89,1.97,18,5.36,1.89,22,6.56,1.71,16,4.81,1.41,26,4.33,0.82,6,3.67,2.35,12,4.7,1.25,10,5.92,2.19,12,5.9,1.77,20,5.24,1.55,21,4,1.89,10,3.75,2.19,8,5.36,2.06,11,5.36,1.8,11,5.21,1.91,24,5.83,1.47,18,3.22,2.05,9,4.56,1.74,9,4.82,1.78,11,5.91,1.92,11
"198",1231,"blissful",7.67,1.24,21,3.74,2.36,23,6.08,2.35,26,7.45,1.13,11,7.9,1.37,10,4.09,2.07,11,3.42,2.64,12,6.09,2.02,11,6.29,2.58,14,7.7,1.42,10,7.64,1.12,11,4.36,2.25,11,3.17,2.41,12,6,2.62,17,6.62,1.51,8,7.62,1.39,13,7.75,1.04,8,4.27,2.63,15,2.75,1.39,8,5.65,2.64,17,6.89,1.45,9
"199",4243,"euro",5.35,1.39,20,3.57,2.27,21,5,2.55,25,5,1,3,5.41,1.46,17,3.86,2.48,7,3.62,2.22,13,4.38,2.5,8,5.29,2.59,17,5.29,0.76,7,5.38,1.66,13,5.29,2.21,7,2.85,1.82,13,5.21,2.49,14,4.73,2.72,11,4.89,0.93,9,5.73,1.62,11,3.82,2.09,11,3.3,2.54,10,5.22,2.62,18,4.43,2.44,7
"200",13432,"village",5.95,1.79,38,3.4,2.26,20,5.6,2.35,42,6,1.73,21,5.88,1.9,17,4.1,2.47,10,2.7,1.89,10,5.92,2.06,24,5.17,2.68,18,6.04,1.74,23,5.8,1.9,15,3,2.65,7,3.62,2.1,13,5.64,2.38,25,5.53,2.37,17,5.95,1.68,19,5.95,1.93,19,4.1,2.51,10,2.7,1.83,10,5.64,2.26,22,5.55,2.5,20
